-- MySQL dump 10.13  Distrib 8.0.26, for Win64 (x86_64)
--
-- Host: localhost    Database: perfumeshop_db
-- ------------------------------------------------------
-- Server version	8.0.26

/*!40101 SET @OLD_CHARACTER_SET_CLIENT=@@CHARACTER_SET_CLIENT */;
/*!40101 SET @OLD_CHARACTER_SET_RESULTS=@@CHARACTER_SET_RESULTS */;
/*!40101 SET @OLD_COLLATION_CONNECTION=@@COLLATION_CONNECTION */;
/*!50503 SET NAMES utf8 */;
/*!40103 SET @OLD_TIME_ZONE=@@TIME_ZONE */;
/*!40103 SET TIME_ZONE='+00:00' */;
/*!40014 SET @OLD_UNIQUE_CHECKS=@@UNIQUE_CHECKS, UNIQUE_CHECKS=0 */;
/*!40014 SET @OLD_FOREIGN_KEY_CHECKS=@@FOREIGN_KEY_CHECKS, FOREIGN_KEY_CHECKS=0 */;
/*!40101 SET @OLD_SQL_MODE=@@SQL_MODE, SQL_MODE='NO_AUTO_VALUE_ON_ZERO' */;
/*!40111 SET @OLD_SQL_NOTES=@@SQL_NOTES, SQL_NOTES=0 */;

--
-- Table structure for table `tbl_attribute_products`
--

DROP TABLE IF EXISTS `tbl_attribute_products`;
/*!40101 SET @saved_cs_client     = @@character_set_client */;
/*!50503 SET character_set_client = utf8mb4 */;
CREATE TABLE `tbl_attribute_products` (
  `id` int NOT NULL AUTO_INCREMENT,
  `capacity` decimal(8,2) NOT NULL,
  `price` decimal(13,2) NOT NULL,
  `sale_price` decimal(13,2) DEFAULT NULL,
  `status` tinyint(1) DEFAULT '1',
  `seo` varchar(1000) DEFAULT NULL,
  `updated_by` int DEFAULT NULL,
  `created_by` int DEFAULT NULL,
  `updated_date` date DEFAULT NULL,
  `created_date` date DEFAULT NULL,
  `product_id` int NOT NULL,
  `amount` int NOT NULL,
  PRIMARY KEY (`id`),
  KEY `id_idx` (`product_id`),
  CONSTRAINT `FK_sub_product_product` FOREIGN KEY (`product_id`) REFERENCES `tbl_products` (`id`)
) ENGINE=InnoDB AUTO_INCREMENT=42 DEFAULT CHARSET=utf8mb4 COLLATE=utf8mb4_0900_ai_ci;
/*!40101 SET character_set_client = @saved_cs_client */;

--
-- Dumping data for table `tbl_attribute_products`
--

LOCK TABLES `tbl_attribute_products` WRITE;
/*!40000 ALTER TABLE `tbl_attribute_products` DISABLE KEYS */;
INSERT INTO `tbl_attribute_products` VALUES (2,30.00,3500000.00,34000.00,NULL,NULL,NULL,NULL,NULL,NULL,101,50),(3,50.00,5500000.00,NULL,NULL,NULL,NULL,NULL,NULL,NULL,101,50),(4,100.00,7800000.00,NULL,NULL,NULL,NULL,NULL,NULL,NULL,101,100),(5,100.00,1300000.00,1080000.00,NULL,NULL,NULL,NULL,NULL,'2021-11-09',102,49),(6,70.00,999000.00,NULL,NULL,NULL,1,NULL,'2021-11-30','2021-11-09',102,50),(7,10.00,660000.00,NULL,NULL,NULL,NULL,NULL,NULL,'2021-11-16',103,46),(8,60.00,2999000.00,NULL,NULL,NULL,NULL,NULL,NULL,'2021-11-16',103,50),(9,100.00,3790000.00,NULL,NULL,NULL,NULL,NULL,NULL,'2021-11-16',103,50),(10,7.50,436000.00,392400.00,NULL,NULL,NULL,NULL,NULL,'2021-11-16',104,50),(11,10.00,630000.00,558000.00,NULL,NULL,NULL,NULL,NULL,'2021-11-16',104,50),(12,30.00,173000.00,1557000.00,NULL,NULL,NULL,NULL,NULL,'2021-11-16',104,30),(13,50.00,2151000.00,2300000.00,NULL,NULL,NULL,NULL,NULL,'2021-11-16',104,10),(14,70.00,250000.00,NULL,NULL,NULL,NULL,NULL,NULL,'2021-11-16',105,50),(15,100.00,39000.00,NULL,NULL,NULL,NULL,NULL,NULL,'2021-11-16',105,50),(16,100.00,2973000.00,2675000.00,NULL,NULL,NULL,NULL,NULL,'2021-11-16',106,50),(17,5.00,460000.00,391000.00,NULL,NULL,10,NULL,'2021-12-10','2021-11-16',107,49),(18,30.00,1320000.00,1275000.00,NULL,NULL,NULL,NULL,NULL,'2021-11-16',107,50),(19,30.00,1542750.00,NULL,NULL,NULL,NULL,NULL,NULL,'2021-11-16',107,50),(20,100.00,3311000.00,2814350.00,NULL,NULL,NULL,NULL,NULL,'2021-11-16',107,50),(21,1.50,12000.00,NULL,NULL,NULL,NULL,NULL,NULL,NULL,108,50),(22,50.00,3135000.00,NULL,NULL,NULL,NULL,NULL,NULL,NULL,108,50),(23,100.00,3800350.00,3690000.00,NULL,NULL,NULL,NULL,NULL,NULL,108,50),(24,150.00,4700000.00,4690000.00,NULL,NULL,NULL,NULL,NULL,NULL,108,50),(25,100.00,2500000.00,1820000.00,NULL,NULL,1,NULL,'2021-12-28','2021-11-29',109,49),(26,100.00,2511000.00,NULL,NULL,NULL,1,NULL,'2021-12-05','2021-11-29',110,54),(27,30.00,1232000.00,NULL,NULL,NULL,NULL,NULL,NULL,'2021-11-29',111,50),(28,50.00,1782000.00,1380000.00,NULL,NULL,NULL,NULL,NULL,'2021-11-29',111,50),(29,100.00,1804000.00,1480000.00,NULL,NULL,1,NULL,'2021-12-06','2021-11-29',111,33),(32,100.00,6500000.00,NULL,NULL,NULL,NULL,NULL,NULL,NULL,114,51),(33,100.00,3090000.00,2935500.00,NULL,NULL,NULL,NULL,NULL,NULL,115,99),(34,100.00,2590000.00,NULL,NULL,NULL,NULL,NULL,NULL,NULL,116,46),(35,50.00,6800000.00,5800000.00,NULL,NULL,NULL,NULL,'2021-12-11',NULL,117,49),(36,100.00,8500000.00,7500000.00,NULL,NULL,7,NULL,'2021-12-27',NULL,117,27),(37,50.00,6850000.00,6350000.00,NULL,NULL,NULL,NULL,NULL,NULL,118,47),(38,100.00,7500000.00,NULL,NULL,NULL,NULL,NULL,NULL,NULL,118,50),(39,50.00,3000000.00,NULL,NULL,NULL,NULL,NULL,NULL,NULL,116,50),(40,50.00,500000.00,NULL,NULL,NULL,NULL,NULL,NULL,NULL,114,50),(41,50.00,2890000.00,NULL,NULL,NULL,10,NULL,'2021-12-28',NULL,115,49);
/*!40000 ALTER TABLE `tbl_attribute_products` ENABLE KEYS */;
UNLOCK TABLES;

--
-- Table structure for table `tbl_blog`
--

DROP TABLE IF EXISTS `tbl_blog`;
/*!40101 SET @saved_cs_client     = @@character_set_client */;
/*!50503 SET character_set_client = utf8mb4 */;
CREATE TABLE `tbl_blog` (
  `id` int NOT NULL AUTO_INCREMENT,
  `name` varchar(1000) CHARACTER SET utf8 COLLATE utf8_general_ci NOT NULL,
  `avatar` varchar(200) CHARACTER SET utf8mb4 COLLATE utf8mb4_bin NOT NULL,
  `detail` longtext CHARACTER SET utf8mb4 COLLATE utf8mb4_bin NOT NULL,
  `category_blog_id` int DEFAULT NULL,
  `created_date` datetime DEFAULT CURRENT_TIMESTAMP,
  `updated_date` datetime DEFAULT NULL,
  `created_by` int DEFAULT NULL,
  `updated_by` int DEFAULT NULL,
  `status` tinyint(1) DEFAULT '1',
  `seo` varchar(1000) CHARACTER SET utf8mb4 COLLATE utf8mb4_bin DEFAULT NULL,
  `short_description` varchar(3000) CHARACTER SET utf8 COLLATE utf8_general_ci NOT NULL,
  `is_hot` tinyint(1) DEFAULT '0',
  PRIMARY KEY (`id`),
  KEY `fk_category_blog_idx` (`category_blog_id`),
  CONSTRAINT `fk_category_blog` FOREIGN KEY (`category_blog_id`) REFERENCES `tbl_category_blog` (`id`) ON DELETE RESTRICT
) ENGINE=InnoDB AUTO_INCREMENT=37 DEFAULT CHARSET=utf8mb4 COLLATE=utf8mb4_bin COMMENT='Bảng dữ liệu chứa blog';
/*!40101 SET character_set_client = @saved_cs_client */;

--
-- Dumping data for table `tbl_blog`
--

LOCK TABLES `tbl_blog` WRITE;
/*!40000 ALTER TABLE `tbl_blog` DISABLE KEYS */;
INSERT INTO `tbl_blog` VALUES (34,'Tìm Hiểu Dược Mỹ Phẩm Là Gì Và Các Nhãn Hiệu Nổi Tiếng','blog/rawImage.jpg','<h1>T&igrave;m Hiểu Dược Mỹ Phẩm L&agrave; G&igrave; V&agrave; C&aacute;c Nh&atilde;n Hiệu Nổi Tiếng</h1>\n\n<p>Nếu như chỉ v&agrave;i năm trước đ&acirc;y c&aacute;c loại&nbsp;<strong>h&oacute;a mỹ phẩm</strong>&nbsp;lu&ocirc;n l&agrave; lựa chọn h&agrave;ng đầu cho chăm s&oacute;c sắc đẹp của chị em, chỉ với c&ocirc;ng dụng l&agrave;m đẹp v&agrave; chăm s&oacute;c da đơn thuần trong thời gian ngắn, c&aacute;c sản phẩm n&agrave;y đang dần mất đi ưu thế tr&ecirc;n thị trường. Thay v&agrave;o đ&oacute;, c&aacute;c sản phẩm&nbsp;<strong>dược mỹ phẩm</strong>&nbsp;được mệnh danh l&agrave;&nbsp;<strong>&ldquo;thần dược&rdquo;&nbsp;</strong>cho sắc đẹp đang ng&agrave;y c&agrave;ng được ưa chuộng v&agrave; trở th&agrave;nh một xu hướng l&agrave;m đẹp mới tr&ecirc;n thế giới. Vậy c&aacute;c bạn h&atilde;y c&ugrave;ng&nbsp;<strong>Orchard</strong>&nbsp;t&igrave;m hiểu s&acirc;u, rộng về&nbsp;<strong>dược mỹ phẩm&nbsp;</strong>nh&eacute;.</p>\n\n<p><img alt=\"Related image\" src=\"https://s.hdnux.com/photos/22/40/32/4851375/3/rawImage.jpg\" style=\"height:571px; width:857px\" /></p>\n\n<p>Xem nhanh</p>\n\n<ul>\n	<li><a href=\"https://orchard.vn/blog/duoc-my-pham-tim-hieu/#duoc-my-pham-la-gi\" title=\"Dược mỹ phẩm là gì?\">Dược mỹ phẩm l&agrave; g&igrave;?</a></li>\n	<li><a href=\"https://orchard.vn/blog/duoc-my-pham-tim-hieu/#phan-loai-cac-san-pham-duoc-my-pham-theo-nhu-cau-su-dung\" title=\"Phân loại các sản phẩm dược mỹ phẩm theo nhu cầu sử dụng\">Ph&acirc;n loại c&aacute;c sản phẩm dược mỹ phẩm theo nhu cầu sử dụng</a></li>\n	<li><a href=\"https://orchard.vn/blog/duoc-my-pham-tim-hieu/#-vi-sao-nen-su-dung-duoc-my-pham-de-lam-dep-va-cham-soc-da\" title=\" Vì sao nên sử dụng dược mỹ phẩm để làm đẹp và chăm sóc da?\">&nbsp;V&igrave; sao n&ecirc;n sử dụng dược mỹ phẩm để l&agrave;m đẹp v&agrave; chăm s&oacute;c da?</a></li>\n	<li><a href=\"https://orchard.vn/blog/duoc-my-pham-tim-hieu/#tong-hop-cac-thuong-hieu-duoc-my-pham-uy-tin\" title=\"Tổng hợp các thương hiệu dược mỹ phẩm uy tín\">Tổng hợp c&aacute;c thương hiệu dược mỹ phẩm uy t&iacute;n</a>\n	<ul>\n		<li><a href=\"https://orchard.vn/blog/duoc-my-pham-tim-hieu/#obagi\" title=\"Obagi\">Obagi</a></li>\n		<li><a href=\"https://orchard.vn/blog/duoc-my-pham-tim-hieu/#neostatra\" title=\"Neostatra\">Neostatra</a></li>\n		<li><a href=\"https://orchard.vn/blog/duoc-my-pham-tim-hieu/#eucerin\" title=\"Eucerin\">Eucerin</a></li>\n		<li><a href=\"https://orchard.vn/blog/duoc-my-pham-tim-hieu/#murad\" title=\"Murad\">Murad</a></li>\n		<li><a href=\"https://orchard.vn/blog/duoc-my-pham-tim-hieu/#paulas-choice\" title=\"Paula’s Choice\">Paula&rsquo;s Choice</a></li>\n		<li><a href=\"https://orchard.vn/blog/duoc-my-pham-tim-hieu/#bioderma\" title=\"Bioderma\">Bioderma</a></li>\n		<li><a href=\"https://orchard.vn/blog/duoc-my-pham-tim-hieu/#la-roche-posay\" title=\"La Roche-Posay\">La Roche-Posay</a></li>\n		<li><a href=\"https://orchard.vn/blog/duoc-my-pham-tim-hieu/#pierrie-fabre\" title=\"Pierrie Fabre\">Pierrie Fabre</a></li>\n	</ul>\n	</li>\n</ul>\n\n<h2>Dược mỹ phẩm l&agrave; g&igrave;?</h2>\n\n<ul>\n	<li>&ldquo;Dược mỹ phẩm&rdquo;&nbsp;(Cosmeceuticals)&nbsp;l&agrave; một thuật ngữ kết hợp của&nbsp;&ldquo;mỹ phẩm&rdquo; (cosmetics)&nbsp;v&agrave;&nbsp;&ldquo;dược phẩm&rdquo;(pharmaceuticals),&nbsp;bắt đầu được sử dụng từ thập ni&ecirc;n 90. Kh&aacute;i niệm mới n&agrave;y nghĩa l&agrave; c&aacute;c loại mỹ phẩm c&oacute; chứa th&agrave;nh phần hoạt t&iacute;nh/dược t&iacute;nh c&oacute; lợi cho sức khỏe (đối với l&agrave;n da) hoặc c&oacute; t&aacute;c dụng như l&agrave; thuốc. Ng&agrave;y nay, ng&agrave;nh mỹ phẩm sử dụng thuật ngữ n&agrave;y kh&aacute; phổ biến.</li>\n	<li>&ldquo;Dược mỹ phẩm&rdquo;&nbsp;l&agrave; d&ograve;ng sản phẩm vừa mang đặc t&iacute;nh của&rdquo; mỹ phẩm&rdquo;&nbsp;vừa c&oacute; c&ocirc;ng dụng điều trị v&agrave; phục hồi của 1&nbsp;&ldquo;dược phẩm&rdquo;. Nhưng&nbsp;&ldquo;dược mỹ phẩm&rdquo;&nbsp;được nghi&ecirc;n cứu, b&agrave;o chế v&agrave; tu&acirc;n thủ theo tất cả c&aacute;c quy định nghi&ecirc;m ngặt như&nbsp;&ldquo;dược phẩm&rdquo;. C&aacute;c sản phẩm&nbsp;&ldquo;dược mỹ phẩm&rdquo;&nbsp;đều được kết hợp với c&aacute;c th&agrave;nh phần phần y dược học ti&ecirc;n tiến, với t&iacute;nh năng trị liệu n&ecirc;n c&oacute; khả năng điều trị tận gốc v&agrave; phục hồi c&aacute;c vấn đề chuy&ecirc;n s&acirc;u về da như l&atilde;o h&oacute;a, sạm n&aacute;m, vi&ecirc;m nhiễm, mụn, da tổn thương, da nhạy cảm,&hellip; m&agrave; những d&ograve;ng&nbsp;&ldquo;mỹ phẩm&rdquo;&nbsp;th&ocirc;ng thường kh&ocirc;ng thể l&agrave;m được. Ch&iacute;nh v&igrave; vậy m&agrave; c&aacute;c sản phẩm&nbsp;&ldquo;dược mỹ phẩm&rdquo;&nbsp;thường được lựa chọn sử dụng nhiều trong c&aacute;c viện da liễu, spa &amp; clinic.</li>\n</ul>\n\n<h2>Ph&acirc;n loại c&aacute;c sản phẩm dược mỹ phẩm theo nhu cầu sử dụng</h2>\n\n<p>Cũng giống như mỹ phẩm, c&aacute;c sản phẩm dược mỹ phẩm được chia th&agrave;nh nhiều d&ograve;ng kh&aacute;c nhau, nhằm ph&ugrave; hợp với từng nhu cầu sử dụng v&agrave; từng vấn đề da kh&aacute;c nhau. Trong đ&oacute;, ch&uacute;ng được chia th&agrave;nh 3 nh&oacute;m sản phẩm ch&iacute;nh bao gồm:</p>\n\n<ul>\n	<li>Dược mỹ phẩm trang điểm:&nbsp;Chỉ t&aacute;c động b&ecirc;n ngo&agrave;i với c&ocirc;ng dụng ch&iacute;nh l&agrave; l&agrave;m đẹp tức thời cho da, m&ocirc;i, m&oacute;ng, t&oacute;c&hellip; m&agrave; kh&ocirc;ng mang t&iacute;nh chất điều trị chuy&ecirc;n s&acirc;u.</li>\n	<li>Dược mỹ phẩm bảo vệ da:&nbsp;L&agrave; sản phẩm hỗ trợ giảm thiểu những ảnh hưởng khiến da kh&ocirc; cằn, thiếu sức sống v&agrave; mất đi độ khỏe mạnh do c&aacute;c t&aacute;c nh&acirc;n c&oacute; hại từ m&ocirc;i trường như &aacute;nh nắng, bụi bẩn, h&oacute;a chất hay c&aacute;c t&aacute;c động của thời gian. C&aacute;c sản phẩm đại diện cho d&ograve;ng sản phẩm n&agrave;y l&agrave; sữa rửa mặt, kem chống nắng, c&aacute;c sản phẩm chống kh&ocirc; da, c&aacute;c sản phẩm l&agrave;m chậm lại c&aacute;c biến đổi sinh l&yacute; da.</li>\n	<li>Dược mỹ phẩm điều trị:&nbsp;L&agrave; d&ograve;ng sản phẩm gi&uacute;p sửa chữa, phục hồi c&aacute;c tổn thương v&agrave; nu&ocirc;i dưỡng l&agrave;n da khỏe đẹp nhờ khả năng tăng sức đề kh&aacute;ng của da từ s&acirc;u b&ecirc;n trong. D&ograve;ng sản phẩm n&agrave;y thường l&agrave; những sản phẩm chuy&ecirc;n d&ugrave;ng để điều trị c&aacute;c vấn đề da như eczema, vẩy c&aacute;, vẩy nến, c&aacute;c thể bệnh trứng c&aacute;, da kh&ocirc;, da bị sạm, bị n&aacute;m&hellip;</li>\n</ul>\n\n<h2>&nbsp;V&igrave; sao n&ecirc;n sử dụng dược mỹ phẩm để l&agrave;m đẹp v&agrave; chăm s&oacute;c da?</h2>\n\n<p>&nbsp;C&oacute;&nbsp; thế mạnh về sự an to&agrave;n:&nbsp;an to&agrave;n đối với l&agrave;n da v&agrave; an to&agrave;n đối với sức khỏe bản th&acirc;n. Bởi mỗi d&ograve;ng Dược mỹ phẩm ra đời bao giờ cũng được cam kết v&agrave; chứng nhận của c&aacute;c tổ chức c&oacute; uy t&iacute;n, đồng thời h&atilde;ng Dược mỹ phẩm phải cam kết dựa tr&ecirc;n những kết luận cụ thể về việc loại bỏ ho&agrave;n to&agrave;n những chất c&oacute; thể g&acirc;y hại v&agrave; sẽ g&acirc;y hại cho da nếu d&ugrave;ng qu&aacute; nồng độ cho ph&eacute;p.</p>\n\n<p>Mang đặc t&iacute;nh của mỹ phẩm:&nbsp;dược mỹ phẩm vừa c&oacute; th&ecirc;m c&ocirc;ng dụng điều trị v&agrave; sửa chữa c&aacute;c tổn thương da như: mụn trứng c&aacute;, vi&ecirc;m da, n&aacute;m, t&agrave;n nhang, l&atilde;o h&oacute;a&hellip; &nbsp;v&agrave; n&oacute; c&ograve;n c&oacute; khả năng phục hồi, nu&ocirc;i dưỡng vẻ đẹp của da tốt hơn bằng c&aacute;ch tăng sức đề kh&aacute;ng của da từ s&acirc;u b&ecirc;n trong m&agrave; những d&ograve;ng mỹ phẩm th&ocirc;ng thường kh&ocirc;ng thể l&agrave;m được.</p>\n\n<p>Sở hữu th&agrave;nh phần ho&agrave;n to&agrave;n:&nbsp;dược mỹ phẩm kh&ocirc;ng chứa chất độc hại hay c&aacute;c chất g&acirc;y dị ứng cho da, đồng thời kết cấu của c&aacute;c sản phẩm n&agrave;y rất dễ chịu, nhẹ nh&agrave;ng, c&oacute; khả năng thẩm thấu nhanh v&agrave;o da. Khi thoa l&ecirc;n da sẽ cảm nhận được cảm gi&aacute;c thật thư th&aacute;i, kh&ocirc;ng hề nặng nề v&agrave; da c&oacute; thể dễ d&agrave;ng h&ocirc; hấp.</p>\n\n<p>Dược mỹ phẩm c&oacute; nhiều ưu điểm vượt trội:&nbsp;an to&agrave;n với mọi l&agrave;n da, kể cả những l&agrave;n da nhạy cảm, dễ k&iacute;ch ứng, da đang gặp c&aacute;c vấn đề như mụn, l&atilde;o h&oacute;a, dị ứng v&agrave; an to&agrave;n với sức khỏe người sử dụng. Như vậy, dược mỹ phẩm đ&atilde; đ&aacute;p ứng đủ ti&ecirc;u ch&iacute; kh&ocirc;ng chỉ l&agrave;m đẹp nhất thời m&agrave; c&ograve;n phải khỏe đẹp l&acirc;u d&agrave;i. Đ&oacute; cũng ch&iacute;nh l&agrave; l&yacute; do v&igrave; sao xu hướng chuyển từ sử dụng h&oacute;a mỹ phẩm sang dược mỹ phẩm ng&agrave;y c&agrave;ng phổ biến hiện nay.</p>\n\n<p>Từ những ưu điểm tr&ecirc;n, Dược mỹ phẩm kh&ocirc;ng chỉ được c&aacute;c chuy&ecirc;n gia h&agrave;ng đầu trong lĩnh vực l&agrave;m đẹp cho c&aacute;c liệu tr&igrave;nh chuy&ecirc;n s&acirc;u, đ&acirc;y c&ograve;n l&agrave; sản phẩm m&agrave; chị em c&oacute; thể dễ d&agrave;ng sử dụng ngay tại nh&agrave;.</p>\n\n<h2>Tổng hợp c&aacute;c thương hiệu dược mỹ phẩm uy t&iacute;n</h2>\n\n<h3>Obagi</h3>\n\n<p><img alt=\"\" src=\"https://orchard.vn/blog/wp-content/uploads/2018/08/duoc-my-pham-obagi-orchard.vn_.jpg\" style=\"height:629px; width:968px\" /></p>\n\n<p>Top đầu trong những thương hiệu dược mỹ phẩm phải n&oacute;i đến&nbsp;<a href=\"https://orchard.vn/obagi/\">Obagi</a>. Obagi Medical l&agrave; nh&atilde;n hiệu chăm s&oacute;c da số 1 được c&aacute;c b&aacute;c sĩ phối hợp theo toa với hơn 3500 ph&ograve;ng mạch tại Mỹ v&agrave; c&aacute;c nước tr&ecirc;n thế giới. Obagi cũng l&agrave; hệ thống đầu ti&ecirc;n v&agrave; duy nhất kết hợp Vitamin C, Tretinoin với Hydroquinone, đạt được th&agrave;nh c&ocirc;ng lớn về cả hai ph&iacute;a Bệnh nh&acirc;n v&agrave; B&aacute;c sĩ.</p>\n\n<p>N&oacute;i về 3 vấn đề da phổ biến, được quan t&acirc;m nhất hiện nay l&agrave; mụn trứng c&aacute;, l&atilde;o ho&aacute; da, sắc tố da, th&igrave; mỹ phẩm Obagi ho&agrave;n to&agrave;n l&agrave; giải ph&aacute;p hiệu quả, an to&agrave;n, v&agrave; nhanh ch&oacute;ng.</p>\n\n<p><img alt=\"\" src=\"https://orchard.vn/blog/wp-content/uploads/2018/08/mypham-obagi-tri-nam-orchard.vn_.jpg\" style=\"height:686px; width:692px\" /></p>\n\n<p>(kh&aacute;ch h&agrave;ng giảm n&aacute;m t&agrave;n nhang r&otilde; rệt khi điều trị với bộ trị n&aacute;m Obagi)</p>\n\n<p>Sản phẩm chủ chốt của h&atilde;ng Obagi:</p>\n\n<p><img alt=\"\" src=\"https://orchard.vn/blog/wp-content/uploads/2018/08/obagi-medical-orchard.vn_.jpg\" style=\"height:960px; width:960px\" /></p>\n\n<p><a href=\"https://orchard.vn/san-pham/kem-dac-tri-obagi-tretinol/\" target=\"_blank\"><img alt=\"Sữa\" src=\"https://orchard.vn/wp-content/uploads/2020/07/kem-dac-tri-mun-nam-tham-obagi-tretinoin-0.1-orchard.vn_-100x100.png\" /></a></p>\n\n<p>(D&ograve;ng sản phẩm Retinol, Tretinoin trị mụn, chống l&atilde;o ho&aacute; &ldquo;thần th&aacute;nh&rdquo;)</p>',37,'2021-11-16 09:47:20','2021-11-18 07:42:07',1,1,1,'tim-hieu-duoc-my-pham-la-gi-va-cac-nhan-hieu-noi-tieng','Nếu như chỉ vài năm trước đây các loại hóa mỹ phẩm luôn là lựa chọn hàng đầu cho chăm sóc sắc đẹp của...',0),(35,'TOP Nước Hoa Dành Cho Các Bạn Nam Mùa Mưa Này','blog/12663358904_6f92ad02a8_k.jpg','<h1>TOP Nước Hoa D&agrave;nh Cho C&aacute;c Bạn Nam M&ugrave;a Mưa N&agrave;y</h1>\n\n<p><em>Bạn h&atilde;y tưởng tượng sẽ tuyệt vời biết bao nếu trong m&ugrave;a mưa n&agrave;y ch&iacute;nh hương thơm nước hoa ấm &aacute;p, quyến rũ của bạn khiến cho n&agrave;ng cứ muốn r&uacute;c v&agrave;o v&ograve;ng tay của bạn m&atilde;i th&ocirc;i. Nếu c&aacute;c ch&agrave;ng th&iacute;ch được như thể th&igrave; kh&ocirc;ng thể bỏ qua Top&nbsp;<a href=\"https://orchard.vn/nuoc-hoa-nam/\">nước hoa nam</a>&nbsp;tuyệt vời nhất cho m&ugrave;a mưa n&agrave;y nh&eacute;!</em></p>\n\n<p>&nbsp;</p>\n\n<h2>DIESEL FUEL FOR LIFE</h2>\n\n<p>Trong số những m&ugrave;i hương d&agrave;nh cho ng&agrave;y mưa th&igrave; c&oacute; lẽ&nbsp;<a href=\"https://orchard.vn/diesel-fuel-for-life-pour-homme.html\">Diesel Fuel For Life</a>&nbsp;mang phong c&aacute;ch bụi bặm nhất, điều n&agrave;y th&igrave; chắc kh&ocirc;ng ph&agrave;i l&agrave;&nbsp;xa lạ với những ai y&ecirc;u th&iacute;ch thời trang &nbsp;của nh&atilde;n hiệu Diesel c&aacute; t&iacute;nh v&agrave; trẻ trung n&agrave;y. Hương thơm của&nbsp;<strong>Diesel Fuel For Life</strong>&nbsp;được xem như l&agrave; anh ch&agrave;ng l&atilde;ng tử trong những cơn mưa bởi một ch&uacute;t hiền l&agrave;nh, dễ chịu lẫn một ch&uacute;t sự ph&aacute; c&aacute;ch ng&ocirc;ng cuồng c&aacute; t&iacute;nh như một ly rượu hoa quả vừa ngọt vừa cay nồng khiến cho người d&ugrave;ng một cảm gi&aacute;c l&acirc;ng l&acirc;ng say nồng kh&oacute; tả.</p>\n\n<p><a href=\"https://orchard.vn/blog/wp-content/uploads/2016/07/12663358904_6f92ad02a8_k.jpg\" rel=\"attachment wp-att-3818\"><img alt=\"TOP Nước Hoa Dành Cho Các Bạn Nam Mùa Mưa Này\" src=\"https://orchard.vn/blog/wp-content/uploads/2016/07/12663358904_6f92ad02a8_k.jpg\" style=\"height:469px; width:706px\" /></a></p>\n\n<p><a href=\"https://orchard.vn/san-pham/diesel-fuel-for-life-pour-homme/\" target=\"_blank\"><img alt=\"Sữa\" src=\"https://orchard.vn/wp-content/uploads/2014/06/diesel-fuel-for-life-homme-eau-de-toilette-125ml-avatar-100x100.jpg\" /></a></p>\n\n<h2>RALPH LAUREN POLO BLUE</h2>\n\n<p>Mọi người chắc hẳn sẽ ngạc nhi&ecirc;n v&igrave; sao m&ocirc;t m&ugrave;i hương m&aacute;t mẻ đậm chất m&ugrave;a H&egrave; như thế lại c&oacute; mặt trong d&aacute;nh s&aacute;ch n&agrave;y phải kh&ocirc;ng? Thật ra nếu chưa từng thử bạn sẽ kh&oacute; m&agrave; tin được nhưng trong&nbsp;<a href=\"https://orchard.vn/ralph-lauren-polo-blue.html\">Polo Blue&nbsp;</a>lại l&agrave; sự h&ograve;a trộn giữa cảm gi&aacute;c m&aacute;t lạnh đến tột đỉnh &nbsp;lại c&oacute; một ch&uacute;t ấm nhẹ phảng phất của hương gỗ v&agrave; da thuộc, xạ hương. Tất cả như tạo n&ecirc;n khung cảnh của một cơn mưa bất chợt l&agrave;m bốc l&ecirc;n m&ugrave;i hương kh&ocirc; nồng của đất v&agrave; c&acirc;y cối một c&aacute;ch đầy m&atilde;nh liệt, h&atilde;y thử để cảm nhận sự kh&aacute;c biệt m&agrave; hương thơm n&agrave;y mang lại cho bạn trong những ng&agrave;y mưa.</p>\n\n<p><a href=\"https://orchard.vn/blog/wp-content/uploads/2016/07/3870413950_435605dbab_z.jpg\" rel=\"attachment wp-att-3817\"><img alt=\"TOP Nước Hoa Dành Cho Các Bạn Nam Mùa Mưa Này\" src=\"https://orchard.vn/blog/wp-content/uploads/2016/07/3870413950_435605dbab_z.jpg\" style=\"height:472px; width:714px\" /></a></p>\n\n<p><a href=\"https://orchard.vn/san-pham/ralph-lauren-polo-blue/\" target=\"_blank\"><img alt=\"Sữa\" src=\"https://orchard.vn/wp-content/uploads/2014/06/Ralph-Lauren-Polo-Blue-EDT-1-100x100.jpg\" /></a></p>\n\n<h2>D&amp;G THE ONE FOR MEN</h2>\n\n<p>Với c&aacute;c qu&yacute; &ocirc;ng trung th&agrave;nh với kiểu m&ugrave;i hương cổ điển v&agrave; s&acirc;u lắng th&igrave; kh&ocirc;ng thể bỏ qua c&aacute;i t&ecirc;n&nbsp;<a href=\"https://orchard.vn/dolce-and-gabbana-the-one-for-men.html\">D&amp;G The One For Men</a>, m&ugrave;i hương lu&ocirc;n được đ&aacute;nh g&iacute;a l&agrave; &ldquo;qu&yacute; &ocirc;ng ho&agrave;n hảo của m&ugrave;a Thu&rdquo;. Đ&uacute;ng như ch&iacute;nh danh hiệu đ&oacute;,&nbsp;<strong>D&amp;G The One</strong>&nbsp;mang sắc th&aacute;i nhẹ nh&agrave;ng tinh tế nhưng vẫn to&aacute;t l&ecirc;n đủ hơi thở ấm &aacute;p để l&agrave;m bạn lắng l&ograve;ng trong những ng&agrave;y mưa. M&ugrave;i hương của thuốc l&aacute; h&ograve;a quyện với hổ ph&aacute;ch v&agrave; gia vị l&agrave; những yếu tố nổi bật mang đến&nbsp;h&igrave;nh ảnh người đ&agrave;n &ocirc;ng chững chạc cho&nbsp;<strong>D&amp;G The One For Men</strong>.</p>\n\n<p><a href=\"https://orchard.vn/blog/wp-content/uploads/2016/07/dolce-gabbana-the-one-men-parfum-edp-perfume-.jpg\" rel=\"attachment wp-att-3821\"><img alt=\"TOP Nước Hoa Dành Cho Các Bạn Nam Mùa Mưa Này\" src=\"https://orchard.vn/blog/wp-content/uploads/2016/07/dolce-gabbana-the-one-men-parfum-edp-perfume-.jpg\" style=\"height:473px; width:709px\" /></a></p>\n\n<p><a href=\"https://orchard.vn/san-pham/dolce-and-gabbana-the-one-for-men/\" target=\"_blank\"><img alt=\"Sữa\" src=\"https://orchard.vn/wp-content/uploads/2014/06/Dolce-Gabbana-The-One-For-Men_1-100x100.jpg\" /></a></p>\n\n<h2>BVLGARI NOTTE POUR HOMME</h2>\n\n<p>Nổi tiếng với m&ugrave;i hương chocolate ngọt ng&agrave;o đầy l&ocirc;i cuốn nhưng vẫn kh&ocirc;ng lấn &aacute;t đi sự nam t&iacute;nh v&agrave; mạnh mẽ,&nbsp;<a href=\"https://orchard.vn/bvlgari-blv-notte-pour-homme.html\">BVLGARI Notte Pour Homme</a>&nbsp;vừa c&oacute; sự hiện đại vừa c&oacute; n&eacute;t cổ điển với hương thơm nổi bật của hoa oải hương tạo n&ecirc;n một lớp hương phấn thơm đầy l&ocirc;i cuốn. B&ecirc;n cạnh đ&oacute; l&agrave; ch&uacute;t gia vị hăng cay của gừng v&agrave; bạch đậu khấu c&agrave;ng l&agrave;m tăng độ lan tỏa m&ugrave;i hương, đặc biệt l&agrave; trong thời tiết se lạnh của m&ugrave;a mưa như l&agrave; một sự h&ograve;a hợp đến ngạc nhi&ecirc;n với m&ugrave;i hương của&nbsp;<strong>BVLGARI Notte Pour Homme.</strong></p>\n\n<p><a href=\"https://orchard.vn/blog/wp-content/uploads/2016/07/IMG_0818.jpg\" rel=\"attachment wp-att-3822\"><img alt=\"TOP Nước Hoa Dành Cho Các Bạn Nam Mùa Mưa Này\" src=\"https://orchard.vn/blog/wp-content/uploads/2016/07/IMG_0818.jpg\" style=\"height:621px; width:620px\" /></a></p>\n\n<p><a href=\"https://orchard.vn/san-pham/bvlgari-blv-notte-pour-homme/\" target=\"_blank\"><img alt=\"Sữa\" src=\"https://orchard.vn/wp-content/uploads/2014/06/Bvlgari-BLV-Notte-Pour-Homme-EDT_1-100x100.jpg\" /></a></p>\n\n<h2>TERRE D&rsquo;HERMES</h2>\n\n<p>M&ugrave;i hương kinh điển nhất d&agrave;nh cho m&ugrave;a mưa của ph&aacute;i mạnh chỉ c&oacute; thể l&agrave;&nbsp;<a href=\"https://orchard.vn/hermes-terre-dhermes.html\">Terre D&rsquo;Hermes</a>, đ&atilde; kh&ocirc;ng c&oacute; biết bao lời ca ngợi cho d&ograve;ng&nbsp;<a href=\"https://orchard.vn/blog/top-5-nuoc-hoa-danh-cho-nam-vao-mua-he/\">nước hoa cho nam</a>&nbsp;nổi tiếng n&agrave;y v&agrave; thật sự đ&oacute; kh&ocirc;ng phải l&agrave; một lời kho trương qu&aacute; đ&aacute;ng. M&ugrave;i hương của cam v&agrave; gỗ ấm nồng, ch&uacute;t nổi loạn của hạt ti&ecirc;u đen v&agrave; cỏ hương b&agrave;i, chỉ c&oacute; thể th&ocirc;i cũng đủ để Hermes tạo n&ecirc;n sự kh&aacute;c biệt mang một b&agrave;n sắc rất ri&ecirc;ng đậm chất&nbsp;<a href=\"https://orchard.vn/hermes-vn/\">Hermes</a>, tất cả đều năm ở c&ocirc;ng sức s&aacute;ng tạo của nh&agrave; chế t&aacute;c nước hoa Jean-Claude Ellena danh tiếng.&nbsp;<strong>Terre D&rsquo;Hermes</strong>&nbsp;mang một t&acirc;m hồn của người đ&agrave;n &ocirc;ng trưởng th&agrave;nh, s&acirc;u sắc v&agrave; gi&agrave;u t&igrave;nh cảm, đ&oacute; l&agrave; một người đ&agrave;n &ocirc;ng vũng ch&atilde;i lu&ocirc;n mang đến sự tin tưởng tuyệt đối với nữ giới.</p>\n\n<p><a href=\"https://orchard.vn/blog/wp-content/uploads/2016/07/6801662541_351d4502f2_b.jpg\" rel=\"attachment wp-att-3823\"><img alt=\"TOP Nước Hoa Dành Cho Các Bạn Nam Mùa Mưa Này\" src=\"https://orchard.vn/blog/wp-content/uploads/2016/07/6801662541_351d4502f2_b.jpg\" style=\"height:418px; width:627px\" /></a></p>\n\n<p><a href=\"https://orchard.vn/san-pham/hermes-terre-dhermes/\" target=\"_blank\"><img alt=\"Sữa\" src=\"https://orchard.vn/wp-content/uploads/2014/06/Hermes-Terre-DHermes_1-100x100.jpg\" /></a></p>\n\n<p>Ngo&agrave;i ra, với phi&ecirc;n bản&nbsp;<strong>Terre D&rsquo;Hermes Eau Tres&nbsp;Fraiche&nbsp;</strong>sẽ mang lại cho bạn một sắc th&aacute;i mới mẻ v&agrave; trẻ trung hơn. Hương thơm thanh tho&aacute;t v&agrave; ph&oacute;ng kho&aacute;ng n&agrave;y vẫn giữ được bản sắc của&nbsp;<strong>Terre D&rsquo;Hermes&nbsp;</strong>nhưng nhẹ nh&agrave;ng, tinh tế hơn. Nhưng cho d&ugrave; l&agrave; phi&ecirc;n bản n&agrave;o đi chẳng nữa th&igrave;&nbsp;&nbsp;sẽ l&agrave; một thiếu s&oacute;t to lớn nến bạn bỏ lỡ tuyệt phẩm n&agrave;y trong những ng&agrave;y mưa l&atilde;ng mạn.</p>\n\n<h2>BVLGARI AQVA POUR HOMME</h2>\n\n<p>Kết th&uacute;c top nước hoa ng&agrave;y mưa cho nam l&agrave; c&aacute;i t&ecirc;n&nbsp;<a href=\"https://orchard.vn/bvlgari-aqva-pour-homme.html\">BVLGARI Aqva Pour Homme</a>&nbsp;. Đ&atilde; qu&aacute; nổi tiểng &nbsp;trong thế giới m&ugrave;i hương d&agrave;nh cho nam nhưng chắc &iacute;t khi bạn nghĩ rằng đ&acirc;y l&agrave; một hương thơm cực hợp với kh&ocirc;ng kh&iacute; của ng&agrave;y mưa. Qủa thật đ&acirc;y l&agrave; một m&ugrave;i hương tươi m&aacute;t nhưng b&ecirc;n trong đ&oacute; vẫn chứa đựng một ch&uacute;t g&igrave; đ&oacute; rất s&acirc;u thẳm v&agrave; l&atilde;ng mạn.</p>\n\n<p>Mở đầu sự lạnh lẽo đến ngỡ ng&agrave;ng nhưng c&agrave;ng về sau lại c&agrave;ng trở n&ecirc;n s&acirc;u sắc, hơi ẩm của hổ ph&aacute;ch vừa đủ để t&ocirc;n l&ecirc;n tầng hương sắc lạnh của tinh dầu hoa cam v&agrave; gỗ tuyết t&ugrave;ng. Tất cả những yếu tố đ&oacute; mang đến cho&nbsp;<strong>BVLGARI Aqva</strong>&nbsp;một khả năng sử dụng linh hoạt đến ho&agrave;n hảo, d&ugrave; l&agrave; ng&agrave;y nắng hay ng&agrave;y mưa th&igrave; đ&acirc;y vẫn l&agrave; sự lựa chọn dễ d&agrave;ng nhưng mang lại hiệu ứng m&ugrave;i hương tốt nhất cho bất cứ ph&aacute;i mạnh n&agrave;o.</p>',37,'2021-11-16 09:49:31','2021-11-21 13:35:56',1,1,1,'top-nuoc-hoa-danh-cho-cac-ban-nam-mua-mua-nay','Bạn hãy tưởng tượng sẽ tuyệt vời biết bao nếu trong mùa mưa này chính hương thơm nước hoa ấm áp, quyến rũ của...',0),(36,'TOP 7 Nước Hoa Mùa Đông 2021 Cho Nam Giới','blog/Top-7-Nuoc-Hoa-Nam-Mua-Dong-2018-1.jpg','<h1>TOP 7 Nước Hoa M&ugrave;a Đ&ocirc;ng 2021 Cho Nam Giới</h1>\n\n<p>Nước Hoa M&ugrave;a Đ&ocirc;ng 2021 Cho Nam Giới</p>\n\n<p>Tiết trời cuối năm với ch&uacute;t gi&oacute; se, ch&uacute;t sương lạnh.&nbsp;Ch&agrave;ng nh&agrave; m&igrave;nh &ldquo;tranh thủ&rdquo; dịp n&agrave;y m&agrave; &ldquo;sưởi ấm&rdquo; cho n&agrave;ng th&igrave; c&ograve;n g&igrave; y&ecirc;u thương bằng!</p>\n\n<p>Đ&oacute;n Đ&ocirc;ng c&ugrave;ng&nbsp;<a href=\"https://orchard.vn/\"><strong>Orchard.vn</strong>&nbsp;</a>bằng TOP 7 m&ugrave;i hương ấm &aacute;p l&agrave;m tan chảy tr&aacute;i tim bất cứ c&ocirc; n&agrave;ng d&ugrave; ki&ecirc;u kỳ hay tiểu thư, d&ugrave; c&ocirc;ng ch&uacute;a hay c&aacute; t&iacute;nh.&nbsp;</p>\n\n<h2><strong>Bleu De Chanel Parfum&nbsp;</strong></h2>\n\n<p><a href=\"https://orchard.vn/san-pham/chanel-bleu-de-chanel-parfum/\"><strong>Bleu De Chanel Parfum&nbsp;</strong></a>đại diện cho m&agrave;u sắc của tự do.&nbsp;<strong>Bleu De Chanel Parfum&nbsp;</strong>&nbsp;mở đầu l&agrave; một sự tươi trẻ thơm m&aacute;t, k&eacute;o d&agrave;i tr&ecirc;n sự ấm &aacute;p, đong đầy cảm gi&aacute;c nghiện của gỗ tuyết t&ugrave;ng v&agrave; gỗ đ&agrave;n hương từ New Caledonia qu&eacute;t qua hương thơm m&atilde;nh liệt từ gỗ.&nbsp;<strong>Bleu De Chanel Parfum&nbsp;</strong>&nbsp;ph&aacute; vỡ mọi quy ước, mọi khu&ocirc;n khổ để mang đến hương thơm gợi cảm, lịch l&atilde;m v&agrave; đầy bản lĩnh của ph&aacute;i mạnh.</p>\n\n<p><a href=\"https://orchard.vn/san-pham/chanel-bleu-de-chanel-parfum/\" target=\"_blank\"><img alt=\"Sữa\" src=\"https://orchard.vn/wp-content/uploads/2018/06/nuoc-hoa-nam-bleu-de-chanel-parfum-anh1-100x100.jpg\" /></a></p>\n\n<p>Với thiết kế chai m&agrave;u đen sang trọng v&agrave; huyền b&iacute;,&nbsp;<a href=\"https://orchard.vn/san-pham/chanel-bleu-de-chanel-parfum/\"><strong>Bleu De Chanel Parfum 2018</strong></a>&nbsp;vẫn với mẫu chai mạnh mẽ thu h&uacute;t &aacute;nh nh&igrave;n của đối phương điểm xuyết t&ecirc;n d&ograve;ng nước hoa v&agrave; thương hiệu c&ugrave;ng mạ v&agrave;ng nổi bật.</p>\n\n<h2><strong>Dior Homme&nbsp;</strong></h2>\n\n<p>M&ugrave;i hương của&nbsp;<strong><a href=\"https://orchard.vn/san-pham/dior-homme-edt/\">Homme Dior</a></strong>&nbsp;l&agrave; một trải nghiệm tuyệt vời v&agrave; tinh tế, kh&ocirc;ng hề g&acirc;y cảm gi&aacute;c &ldquo;nh&acirc;n tạo&rdquo; nhờ sự c&acirc;n bằng cực kỳ ch&iacute;nh x&aacute;c của m&igrave;nh. Hương đầu mang đến m&ugrave;i hương hoa oải hương v&agrave; c&acirc;y x&ocirc; thơm. Tiếp đến sẽ l&agrave; hương vị l&ocirc;i cuốn của hoa di&ecirc;n vĩ v&agrave; ca cao gi&uacute;p tăng t&iacute;nh năng động cho tổng thể m&ugrave;i hương. Sau c&ugrave;ng sẽ l&agrave; base notes với cảm gi&aacute;c ấm &aacute;p v&agrave; s&acirc;u lắng hơn nhờ sự h&ograve;a quyện giữa hương hổ ph&aacute;ch, cỏ hương b&agrave;i v&agrave; da thuộc v&ocirc; c&ugrave;ng đặc trưng. Thời gian lưu hương l&acirc;u v&agrave; độ tỏa hương vừa phải l&agrave; điểm mạnh của chai nước hoa n&agrave;y.<br />\n<img alt=\"TOP 7 Nước Hoa Mùa Đông 2020 Cho Nam Giới\" src=\"https://orchard.vn/blog/wp-content/uploads/2018/06/dior_homme_intense_1024x1024.jpg\" style=\"height:569px; width:569px\" /></p>\n\n<p><a href=\"https://orchard.vn/san-pham/dior-homme-edt/\" target=\"_blank\"><img alt=\"Sữa\" src=\"https://orchard.vn/wp-content/uploads/2020/06/dior-homme-edt-orchard.vn_-1-100x100.jpg\" /></a></p>\n\n<h2>Emporio Armani Stronger With You</h2>\n\n<p><a href=\"https://orchard.vn/san-pham/giorgio-armani-emporio-armani-stronger-with-you/\"><strong>Emporio Armani Stronger With You</strong></a>&nbsp;ra mắt với &yacute; tưởng ca ngợi t&igrave;nh y&ecirc;u m&atilde;nh liệt của những con người hiện đại, giữa một cuộc sống bất tận kh&ocirc;ng ngừng chuyển động.</p>\n\n<p><img alt=\"TOP 7 Nước Hoa Mùa Đông 2020 Cho Nam Giới\" src=\"https://orchard.vn/blog/wp-content/uploads/2018/11/Top-7-Nuoc-Hoa-Nam-Mua-Dong-2018-3.jpg\" style=\"height:585px; width:585px\" /></p>\n\n<p><a href=\"https://orchard.vn/san-pham/giorgio-armani-emporio-armani-stronger-with-you/\" target=\"_blank\"><img alt=\"Sữa\" src=\"https://orchard.vn/wp-content/uploads/2018/10/strongerwithyou3-100x100.jpg\" /></a></p>\n\n<p>Hương thơm&nbsp;<a href=\"https://orchard.vn/san-pham/giorgio-armani-emporio-armani-stronger-with-you/\"><strong>Emporio Armani Stronger With You</strong></a>&nbsp;ho&agrave; quyện ho&agrave;n hảo giữa tinh thần nam t&iacute;nh nhưng cũng đầy ấm &aacute;p v&agrave; s&acirc;u sắc. Mở đầu với hương thơm thảo mộc v&agrave; dần cuốn h&uacute;t hơn khi c&aacute;c nốt hương gia vị, oải hương, vani v&agrave; gỗ thơm ng&agrave;y c&agrave;ng lan toả một c&aacute;ch cuốn h&uacute;t khi dần về tầng hương cuối.</p>\n\n<h2><strong>Phaedon Tabac Rouge</strong></h2>\n\n<p>Bản sắc ri&ecirc;ng của&nbsp;<strong>Phaedon Tabac Rouge</strong>&nbsp;ch&iacute;nh l&agrave; m&ugrave;i thuốc l&aacute; say đắm, đ&ecirc; m&ecirc; nhưng đầy trưởng th&agrave;nh lắng đọng mang sắc trầm b&iacute; ẩn. Mặc d&ugrave; trong c&aacute;c th&agrave;nh phần m&ugrave;i hương kh&ocirc;ng hề đề cập đến th&agrave;nh phần thuốc l&aacute;, thế nhưng nhờ sự pha chế v&agrave; kết hợp h&agrave;i h&ograve;a từ c&aacute;c nguy&ecirc;n liệu ch&iacute;nh m&agrave; Tabac Rouge lại c&oacute; được m&ugrave;i hương thuốc l&aacute; đặc biệt ấy.D&ugrave; l&agrave; nam hay nữ th&igrave; Phaedon Tabac Rouge l&ecirc;n da đều đẹp, nịnh mũi, cuốn h&uacute;t v&agrave; gọi mời. Một m&ugrave;i hương đầy hơi ấm ngọt ng&agrave;o cho những ng&agrave;y mưa rả r&iacute;ch hay những chiều tối m&ugrave;a Đ&ocirc;ng lạnh nhất định bạn n&ecirc;n c&oacute;.</p>\n\n<p><img alt=\"TOP 7 Nước Hoa Mùa Đông 2020 Cho Nam Giới\" src=\"https://orchard.vn/blog/wp-content/uploads/2018/11/nuoc-hoa-phaedon-tabac-rouge-orchard.vn_.jpg\" style=\"height:626px; width:626px\" /></p>\n\n<p><a href=\"https://orchard.vn/san-pham/phaedon-tabac-rouge-for-women-men-edp/\" target=\"_blank\"><img alt=\"Sữa\" src=\"https://orchard.vn/wp-content/uploads/2020/08/nuoc-hoa-phaedon-tabac-rouge-orchard.vn-1-100x100.jpg\" /></a></p>\n\n<p>&nbsp;</p>\n\n<h2><strong>Montblanc Legend Night</strong></h2>\n\n<p>M&ugrave;i hương&nbsp;<a href=\"https://orchard.vn/san-pham/montblanc-legend-night/\"><strong>Montblanc Legend Night</strong></a>&nbsp;mới vượt thời gian n&agrave;y nhấn mạnh kh&iacute;a cạnh ẩn s&acirc;u trong nh&acirc;n c&aacute;ch nam giới.&nbsp;Sự thanh lịch tối giản của anh ấy hấp dẫn kh&ocirc;ng thể cưỡng lại được.&nbsp;Sự hiện diện từ t&iacute;nh tự n&oacute;i l&ecirc;n điều đ&oacute;.&nbsp;Những lời n&oacute;i của anh ta c&oacute; &yacute; nghĩa, đ&ocirc;i mắt của anh ta say m&ecirc;. Chai<strong>&nbsp;Montblanc Legend Night</strong>&nbsp;ph&aacute; vỡ c&aacute;c quy tắc với một m&agrave;u hổ ph&aacute;ch thanh lịch v&agrave; phong ph&uacute; c&ugrave;ng c&aacute;c vật liệu đ&iacute;ch thực cuối c&ugrave;ng của một loại rượu bốc lửa.</p>\n\n<p><img alt=\"\" src=\"https://orchard.vn/blog/wp-content/uploads/2018/11/montblanc-legend-night-orchard.vn_.jpg\" style=\"height:624px; width:624px\" /></p>\n\n<p><a href=\"https://orchard.vn/san-pham/montblanc-legend-night/\" target=\"_blank\"><img alt=\"Sữa\" src=\"https://orchard.vn/wp-content/uploads/2018/03/1188263-montblanc-legend-night-eau-de-parfum-spray-50ml-100x100.jpg\" /></a></p>\n\n<h2><strong>Trussardi Uomo The Red</strong></h2>\n\n<p><a href=\"https://orchard.vn/san-pham/trussardi-uomo-the-red/\"><strong>Trussardi Uomo The Red</strong></a>&nbsp;l&agrave; m&ugrave;i hương t&ocirc;n l&ecirc;n sức hấp dẫn với một sự kh&eacute;o l&eacute;o v&agrave; l&agrave;m chủ cho niềm đam m&ecirc; của người đ&agrave;n &ocirc;ng. Thiết kế độc đ&aacute;o với m&agrave;u đỏ đậm nổi bật kh&ocirc;ng qu&aacute; n&aacute;o nhiệt hay &nbsp;trẻ trung nhưng vẫn tinh tế vừa phải.</p>\n\n<p><img alt=\"\" src=\"https://orchard.vn/blog/wp-content/uploads/2018/11/Top-7-Nuoc-Hoa-Nam-Mua-Dong-2018-6.jpg\" style=\"height:500px; width:500px\" /></p>\n\n<p><a href=\"https://orchard.vn/san-pham/trussardi-uomo-the-red/\" target=\"_blank\"><img alt=\"Sữa\" src=\"https://orchard.vn/wp-content/uploads/2018/06/Trussardi-Uomo-The-Red-100ml-EDT-for-Men-1-1-100x100.jpg\" /></a></p>\n\n<p>Hương thơm&nbsp;<a href=\"https://orchard.vn/san-pham/trussardi-uomo-the-red/\"><strong>Trussardi Uomo The Red&nbsp;</strong></a>được tạo ra v&agrave; để lại dấu ấn nhờ v&agrave;o hoa v&agrave; hương cay. Tất cả c&aacute;c yếu tố h&igrave;nh th&agrave;nh n&ecirc;n sự sang trọng được chứa trong c&aacute;c note h&agrave;ng đầu của chanh, hạt nhục đậu khấu, nhựa galbanum v&agrave; rượu cognac. Th&ecirc;m v&agrave;o đ&oacute;, cung cấp cho cuộc sống một sự pha trộn gợi cảm, m&atilde;nh liệt của những note giữa tạo n&ecirc;n bởi phong lữ, l&aacute; t&iacute;m v&agrave; c&acirc;y x&ocirc; thơm, c&ugrave;ng với sự kết th&uacute;c thật trầm ấm mạnh mẽ của hương cuối được kết hợp bởi hoắc hương, da thuộc, đậu tonka. Tất cả tạo n&ecirc;n hương mới nhưng c&oacute; c&ugrave;ng dấu ấn m&ugrave;i hương ban đầu của&nbsp;<a href=\"https://orchard.vn/blog/top-5-nuoc-hoa-danh-cho-nam-vao-mua-he/\">nước hoa cho nam</a>&nbsp;Trussardi, đ&oacute; l&agrave; cơ sở cho mọi thứ sẽ đến sau đ&oacute;.</p>\n\n<h2><br />\n<strong>Tom Ford Ombre Leather</strong></h2>\n\n<p>Nước hoa<a href=\"https://orchard.vn/san-pham/nuoc-hoa-tom-ford-ombre-leather/\"><strong>&nbsp;Tom Ford Ombre Leather</strong></a>&nbsp;l&agrave; một m&ugrave;i hương kết cấu s&acirc;u sắc khơi dậy x&uacute;c gi&aacute;c. Mang lại cảm nhận kh&aacute;c biệt, đẹp đẽ v&agrave; muốn c&oacute; n&oacute;. Hoang d&atilde;, khi&ecirc;u gợi, quyến rũ, nồng n&agrave;n l&agrave; những g&igrave; bạn c&oacute; thể cảm nhận s&acirc;u nhất tr&ecirc;n da thịt khi xịt Tom Ford Ombre.</p>\n\n<p><img alt=\"\" src=\"https://orchard.vn/blog/wp-content/uploads/2018/11/tom-ford-ombre-leather-orchard.vn_.jpg\" style=\"height:600px; width:600px\" /></p>\n\n<p><a href=\"https://orchard.vn/san-pham/nuoc-hoa-tom-ford-ombre-leather/\" target=\"_blank\"><img alt=\"Sữa\" src=\"https://orchard.vn/wp-content/uploads/2018/11/tom-ford-ombre-leather-orchard.vn_-100x100.jpg\" /></a></p>\n\n<p>Ombre Leather g&acirc;y ấn tượng mạnh từ khi vừa mới xịt bởi m&ugrave;i bạch đậu khấu nồng, hơi hương phương đ&ocirc;ng. Sau đ&oacute; l&agrave; hoa nh&agrave;i v&agrave; hương da thuộc kiểu nồng n&agrave;n cuốn h&uacute;t. Cuối c&ugrave;ng l&agrave; một sự kết hợp tinh tế bởi hoắc hương l&agrave;m dịu đi những nốt hương đầu.</p>\n\n<p><a href=\"https://orchard.vn/\"><strong>Orchard.vn&nbsp;</strong></a>ch&uacute;c rằng c&aacute;c Qu&yacute; &ocirc;ng lựa chọn được m&ugrave;i hương ưng &yacute; ph&ugrave; hợp để &ldquo;l&agrave;m xi&ecirc;u l&ograve;ng&rdquo; ph&aacute;i yếu y&ecirc;u thương&nbsp; của m&igrave;nh.&nbsp;&nbsp;</p>',34,'2021-11-21 14:04:07','2021-12-07 06:25:39',1,1,1,'top-7-nuoc-hoa-mua-ong-2021-cho-nam-gioi','Nước Hoa Mùa Đông 2021 Cho Nam Giới Tiết trời cuối năm với chút gió se, chút sương lạnh. Chàng nhà mình “tranh thủ” dịp...',1);
/*!40000 ALTER TABLE `tbl_blog` ENABLE KEYS */;
UNLOCK TABLES;

--
-- Table structure for table `tbl_category`
--

DROP TABLE IF EXISTS `tbl_category`;
/*!40101 SET @saved_cs_client     = @@character_set_client */;
/*!50503 SET character_set_client = utf8mb4 */;
CREATE TABLE `tbl_category` (
  `id` int NOT NULL AUTO_INCREMENT,
  `name` varchar(100) CHARACTER SET utf8 COLLATE utf8_general_ci NOT NULL,
  `avatar` varchar(200) CHARACTER SET utf8mb4 COLLATE utf8mb4_bin DEFAULT NULL,
  `description` varchar(255) CHARACTER SET utf8mb4 COLLATE utf8mb4_bin NOT NULL,
  `created_date` datetime DEFAULT CURRENT_TIMESTAMP,
  `updated_date` datetime DEFAULT NULL,
  `created_by` int DEFAULT NULL,
  `updated_by` int DEFAULT NULL,
  `status` tinyint(1) DEFAULT '1',
  `seo` varchar(1000) CHARACTER SET utf8mb4 COLLATE utf8mb4_bin DEFAULT NULL,
  `is_hot` tinyint(1) DEFAULT '0',
  PRIMARY KEY (`id`)
) ENGINE=InnoDB AUTO_INCREMENT=41 DEFAULT CHARSET=utf8mb4 COLLATE=utf8mb4_bin COMMENT='Bảng dữ liệu chứa danh mục sản phẩm';
/*!40101 SET character_set_client = @saved_cs_client */;

--
-- Dumping data for table `tbl_category`
--

LOCK TABLES `tbl_category` WRITE;
/*!40000 ALTER TABLE `tbl_category` DISABLE KEYS */;
INSERT INTO `tbl_category` VALUES (33,'Nước hoa Nam','category/7-loai-nuoc-hoa-nam-kinh-dien-khien-cac-nang-me-nhu-dieu-do-222445.jpg','Nước hoa dùng cho phái nam','2021-11-07 00:00:00','2021-11-07 23:17:36',1,1,1,'nuoc-hoa-nam',NULL),(34,'Nước hoa Nữ','category/nhung-mui-nuoc-hoa-nu-duoc-ua-chuong-nhat-1.jpg','Nước hoa dùng cho phái nữ','2021-11-07 00:00:00','2021-11-29 06:13:55',1,1,1,'nuoc-hoa-nu',NULL),(35,'Nước hoa Unisex','category/unnamed.jpg','Nước hoa dùng cho mọi phái','2021-11-07 00:00:00','2021-11-08 21:59:44',1,1,1,'nuoc-hoa-unisex',0),(36,'Nước hoa Niche','category/tim-hieu-dong-nuoc-hoa-niche-la-gi-4-jpg-1592560238-19062020165038.jpg','Nước hoa Niche','2021-11-07 00:00:00','2021-11-07 23:17:58',1,1,1,'nuoc-hoa-niche',NULL),(37,'Nước hoa Mini','category/3dbbfdfa535cc579ce7d7c3decacaa4b.jpg','Nước hoa Mini','2021-11-07 00:00:00','2021-11-15 22:50:58',1,1,1,'nuoc-hoa-mini',NULL),(39,'Nước hoa Doanh nhân','category/1-1.jpg','Nước hoa dành cho doanh nhân','2021-11-07 00:00:00','2021-12-06 22:04:25',1,1,1,'nuoc-hoa-doanh-nhan',1),(40,'Nước hoa Intense','category/unnamed.jpg','Nước hoa Intense','2021-11-08 00:04:33','2021-12-06 22:06:00',1,1,1,'nuoc-hoa-intense',1);
/*!40000 ALTER TABLE `tbl_category` ENABLE KEYS */;
UNLOCK TABLES;

--
-- Table structure for table `tbl_category_blog`
--

DROP TABLE IF EXISTS `tbl_category_blog`;
/*!40101 SET @saved_cs_client     = @@character_set_client */;
/*!50503 SET character_set_client = utf8mb4 */;
CREATE TABLE `tbl_category_blog` (
  `id` int NOT NULL AUTO_INCREMENT,
  `name` varchar(1000) CHARACTER SET utf8 COLLATE utf8_general_ci NOT NULL,
  `avatar` varchar(200) CHARACTER SET utf8mb4 COLLATE utf8mb4_bin DEFAULT NULL,
  `created_date` datetime DEFAULT CURRENT_TIMESTAMP,
  `updated_date` datetime DEFAULT NULL,
  `created_by` int DEFAULT NULL,
  `updated_by` int DEFAULT NULL,
  `status` tinyint(1) DEFAULT '1',
  `seo` varchar(1000) CHARACTER SET utf8mb4 COLLATE utf8mb4_bin DEFAULT NULL,
  `is_hot` tinyint(1) DEFAULT '0',
  PRIMARY KEY (`id`)
) ENGINE=InnoDB AUTO_INCREMENT=41 DEFAULT CHARSET=utf8mb4 COLLATE=utf8mb4_bin COMMENT='Bảng dữ liệu chứa danh mục blog';
/*!40101 SET character_set_client = @saved_cs_client */;

--
-- Dumping data for table `tbl_category_blog`
--

LOCK TABLES `tbl_category_blog` WRITE;
/*!40000 ALTER TABLE `tbl_category_blog` DISABLE KEYS */;
INSERT INTO `tbl_category_blog` VALUES (34,'Shopping','category/istockphoto-824805588-612x612.jpg','2021-11-16 09:42:23','2021-11-16 09:43:22',1,1,1,'shopping',0),(35,'Cẩm nang nước hoa','categoryBlog/nuoc-hoa-nam-cao-cap-4.png','2021-11-16 09:44:18','2021-11-21 15:57:53',1,1,1,'cam-nang-nuoc-hoa',0),(36,'Chăm sóc da','category/20201107_cach-cham-soc-da-mat-hang-ngay-1.jpg','2021-11-16 09:44:47','2021-11-21 16:02:09',1,1,1,'cham-soc-da',0),(37,'Dinh dưỡng thông minh','category/1412996319_dinh-duong.jpg','2021-11-16 09:45:17','2021-11-16 09:45:34',1,1,1,'dinh-duong-thong-minh',0),(38,'Chuyên gia','categoryBlog/mach-ban-cach-bao-quan-nuoc-hoa-chuan-cho-huong-be-1.jpg','2021-11-16 09:48:34','2021-12-12 08:49:34',1,1,1,'chuyen-gia',0);
/*!40000 ALTER TABLE `tbl_category_blog` ENABLE KEYS */;
UNLOCK TABLES;

--
-- Table structure for table `tbl_contact`
--

DROP TABLE IF EXISTS `tbl_contact`;
/*!40101 SET @saved_cs_client     = @@character_set_client */;
/*!50503 SET character_set_client = utf8mb4 */;
CREATE TABLE `tbl_contact` (
  `id` int NOT NULL AUTO_INCREMENT,
  `content` longtext NOT NULL,
  `subject` varchar(255) CHARACTER SET utf8 COLLATE utf8_general_ci NOT NULL,
  `customer_name` varchar(100) CHARACTER SET utf8 COLLATE utf8_general_ci NOT NULL,
  `customer_email` varchar(255) NOT NULL,
  `customer_phone` varchar(20) NOT NULL,
  `status` bit(1) DEFAULT NULL,
  `updated_by` int DEFAULT NULL,
  `created_by` int DEFAULT NULL,
  `updated_date` date DEFAULT NULL,
  `created_date` date DEFAULT NULL,
  PRIMARY KEY (`id`)
) ENGINE=InnoDB AUTO_INCREMENT=5 DEFAULT CHARSET=utf8mb4 COLLATE=utf8mb4_0900_ai_ci;
/*!40101 SET character_set_client = @saved_cs_client */;

--
-- Dumping data for table `tbl_contact`
--

LOCK TABLES `tbl_contact` WRITE;
/*!40000 ALTER TABLE `tbl_contact` DISABLE KEYS */;
INSERT INTO `tbl_contact` VALUES (2,'Chúng tôi chuyên cung cấp nước hoa từ Anh. Vui lòng liên hệ với chúng tôi để biết thêm thông tin chi tiết.','Cung cấp nguồn nước hoa từ Anh','Lê Quang ','quangle@gmail.com','03854623744',_binary '',NULL,NULL,'2021-12-11','2021-12-11'),(4,'ajcnkasjncjknasnckj nkanc nkjniu hiuc ab iq iufaiu f h fuha','Hủy đơn hàng','Nguyễn A','a@gmail.com','038561651561',_binary '',NULL,NULL,'2021-12-11','2021-12-11');
/*!40000 ALTER TABLE `tbl_contact` ENABLE KEYS */;
UNLOCK TABLES;

--
-- Table structure for table `tbl_introduce`
--

DROP TABLE IF EXISTS `tbl_introduce`;
/*!40101 SET @saved_cs_client     = @@character_set_client */;
/*!50503 SET character_set_client = utf8mb4 */;
CREATE TABLE `tbl_introduce` (
  `id` int NOT NULL AUTO_INCREMENT,
  `detail` longtext CHARACTER SET utf8mb4 COLLATE utf8mb4_bin NOT NULL,
  `created_date` datetime DEFAULT CURRENT_TIMESTAMP,
  `updated_date` datetime DEFAULT NULL,
  `created_by` int DEFAULT NULL,
  `updated_by` int DEFAULT NULL,
  `status` tinyint(1) DEFAULT '1',
  `seo` varchar(1000) CHARACTER SET utf8mb4 COLLATE utf8mb4_bin DEFAULT NULL,
  PRIMARY KEY (`id`)
) ENGINE=InnoDB AUTO_INCREMENT=33 DEFAULT CHARSET=utf8mb4 COLLATE=utf8mb4_bin COMMENT='Bảng dữ liệu chứa giới thiệu';
/*!40101 SET character_set_client = @saved_cs_client */;

--
-- Dumping data for table `tbl_introduce`
--

LOCK TABLES `tbl_introduce` WRITE;
/*!40000 ALTER TABLE `tbl_introduce` DISABLE KEYS */;
INSERT INTO `tbl_introduce` VALUES (32,'<h1>Giới Thiệu Orchard.vn Trung T&acirc;m Nước Hoa Mỹ Phẩm Uy T&iacute;n</h1>\n\n<h1>GIỚI THIỆU TRUNG T&Acirc;M NƯỚC HOA</h1>\n\n<p><strong>1.LỊCH SỬ H&Igrave;NH TH&Agrave;NH</strong></p>\n\n<p>Đi ti&ecirc;n phong v&agrave; ra đời v&agrave;o ng&agrave;y&nbsp;<strong>14/8/2004&nbsp;</strong>với showroom đầu ti&ecirc;n tại 228 L&yacute; Ch&iacute;nh Thắng, Q.3. Hiện nay&nbsp;ch&uacute;ng t&ocirc;i l&agrave; c&ocirc;ng ty cung cấp nước hoa h&agrave;ng đầu tại thị trường Tp. Hồ Ch&iacute; Minh v&agrave;&nbsp;tại VN. Với 200 nh&atilde;n hiệu, h&agrave;ng ngh&igrave;n mặt h&agrave;ng được cập nhật li&ecirc;n tục để kh&aacute;ch h&agrave;ng&nbsp;được đa dạng lựa chọn, gi&aacute; lu&ocirc;n&nbsp;<strong>TỐT NHẤT</strong>&nbsp;đồng thời mang đến sự y&ecirc;n t&acirc;m về chất lượng sản phẩm c&ugrave;ng đội ngũ nh&acirc;n vi&ecirc;n chuy&ecirc;n nghiệp sẽ mang lại cho qu&yacute; kh&aacute;ch trải nghiệm mua sắm nước hoa tốt nhất.</p>\n\n<p>Ch&uacute;ng t&ocirc;i tự h&agrave;o l&agrave; nh&agrave; b&aacute;n lẻ c&oacute; gi&aacute; tốt, phong c&aacute;ch dịch vụ chuy&ecirc;n nghiệp v&agrave; được nhiều kh&aacute;ch h&agrave;ng ủng hộ nhất tr&ecirc;n thị trường. Kh&aacute;ch h&agrave;ng của ch&uacute;ng t&ocirc;i l&agrave; những ca sỹ, người nổi tiếng, c&aacute;c doanh nh&acirc;n.</p>\n\n<p><iframe frameborder=\"0\" height=\"315\" width=\"560\"></iframe></p>\n\n<p>&nbsp;</p>\n\n<p><strong>2. CAM KẾT B&Aacute;N H&Agrave;NG DỊCH VỤ</strong></p>\n\n<p>100% sản phẩm l&agrave; ch&iacute;nh hiệu nhập khẩu v&agrave; từ c&aacute;c nh&agrave; cung cấp ch&iacute;nh h&atilde;ng tại Việt Nam- Đền 200% tiền nếu ph&aacute;t hiện sản phẩm k&eacute;m chất lượng, h&agrave;ng giả</p>\n\n<p><strong>Bảo H&agrave;nh Sản Phẩm Trong V&ograve;ng 30 Ng&agrave;y Kh&ocirc;ng Cần L&yacute; Do</strong></p>\n\n<p><strong>3. ĐỘI NGŨ &amp; HỆ THỐNG</strong></p>\n\n<p><strong>Gi&aacute;m Đốc Điều&nbsp;H&agrave;nh - Nguyễn Ho&agrave;ng Hải</strong></p>\n\n<p>&Ocirc;ng Hải tốt nghiệp thạc sỹ tại Singapore v&agrave; l&agrave; người ti&ecirc;n phong trong lĩnh vực b&aacute;n lẻ nước hoa &amp; mỹ phẩm tại Việt Nam. &Ocirc;ng Hải l&agrave; người&nbsp;đầu ti&ecirc;n đưa m&ocirc; h&igrave;nh si&ecirc;u thị nước hoa nhập khẩu về Việt Nam.</p>\n\n<p>Hiện &ocirc;ng Hải đang ph&aacute;t triển mảng kinh doanh qu&agrave; tặng doanh nghiệp v&agrave; l&agrave; th&agrave;nh vi&ecirc;n của nhiều hiệp hội doanh nh&acirc;n tại Việt Nam</p>\n\n<p>&nbsp;</p>\n\n<p><strong>4. ĐỘI NGŨ TƯ VẤN B&Aacute;N H&Agrave;NG CHUY&Ecirc;N NGHIỆP&nbsp;</strong></p>\n\n<p>Với cam kết lu&ocirc;n đem lại cho kh&aacute;ch h&agrave;ng trải nghiệm tốt nhất. Đội ngũ b&aacute;n h&agrave;ng của Orchard lu&ocirc;n tận t&igrave;nh tư vấn, hỗ trợ c&aacute;c nhu cầu của kh&aacute;ch h&agrave;ng v&agrave; lu&ocirc;n đem lại sự h&agrave;i l&ograve;ng tốt nhất.</p>\n\n<p><strong><img alt=\"\" src=\"https://orchard.vn/images/companies/1/thatuyetvoi.jpg\" style=\"height:480px; width:720px\" /></strong></p>','2021-11-16 00:00:00','2021-11-16 10:12:22',1,1,1,NULL);
/*!40000 ALTER TABLE `tbl_introduce` ENABLE KEYS */;
UNLOCK TABLES;

--
-- Table structure for table `tbl_notifies`
--

DROP TABLE IF EXISTS `tbl_notifies`;
/*!40101 SET @saved_cs_client     = @@character_set_client */;
/*!50503 SET character_set_client = utf8mb4 */;
CREATE TABLE `tbl_notifies` (
  `id` int NOT NULL AUTO_INCREMENT,
  `content` varchar(1000) CHARACTER SET utf8 COLLATE utf8_general_ci NOT NULL,
  `short_description` varchar(255) CHARACTER SET utf8 COLLATE utf8_general_ci NOT NULL,
  `status` tinyint(1) DEFAULT '1',
  `updated_by` int DEFAULT NULL,
  `created_by` int DEFAULT NULL,
  `updated_date` date DEFAULT NULL,
  `created_date` date DEFAULT NULL,
  `receiver_id` int NOT NULL,
  `tag` varchar(50) CHARACTER SET utf8 COLLATE utf8_general_ci NOT NULL,
  PRIMARY KEY (`id`),
  KEY `FK_notify_user_idx` (`receiver_id`),
  CONSTRAINT `FK_notify_user` FOREIGN KEY (`receiver_id`) REFERENCES `tbl_users` (`id`)
) ENGINE=InnoDB DEFAULT CHARSET=utf8mb4 COLLATE=utf8mb4_0900_ai_ci;
/*!40101 SET character_set_client = @saved_cs_client */;

--
-- Dumping data for table `tbl_notifies`
--

LOCK TABLES `tbl_notifies` WRITE;
/*!40000 ALTER TABLE `tbl_notifies` DISABLE KEYS */;
/*!40000 ALTER TABLE `tbl_notifies` ENABLE KEYS */;
UNLOCK TABLES;

--
-- Table structure for table `tbl_order_details`
--

DROP TABLE IF EXISTS `tbl_order_details`;
/*!40101 SET @saved_cs_client     = @@character_set_client */;
/*!50503 SET character_set_client = utf8mb4 */;
CREATE TABLE `tbl_order_details` (
  `id` int NOT NULL AUTO_INCREMENT,
  `order_id` int NOT NULL,
  `attribute_product_id` int NOT NULL,
  `quantity` int NOT NULL,
  `created_date` datetime DEFAULT CURRENT_TIMESTAMP,
  `updated_date` datetime DEFAULT NULL,
  `created_by` int DEFAULT NULL,
  `updated_by` int DEFAULT NULL,
  `status` tinyint(1) DEFAULT '1',
  `price` decimal(13,2) NOT NULL,
  PRIMARY KEY (`id`),
  KEY `fk_saleorder_product_idx` (`order_id`),
  KEY `FK_order_product_idx` (`attribute_product_id`),
  CONSTRAINT `FK_order_product` FOREIGN KEY (`attribute_product_id`) REFERENCES `tbl_attribute_products` (`id`),
  CONSTRAINT `fk_saleorder_product` FOREIGN KEY (`order_id`) REFERENCES `tbl_orders` (`id`)
) ENGINE=InnoDB AUTO_INCREMENT=80 DEFAULT CHARSET=utf8mb4 COLLATE=utf8mb4_bin COMMENT='Bảng dữ liệu chứa phiếu mua hàng';
/*!40101 SET character_set_client = @saved_cs_client */;

--
-- Dumping data for table `tbl_order_details`
--

LOCK TABLES `tbl_order_details` WRITE;
/*!40000 ALTER TABLE `tbl_order_details` DISABLE KEYS */;
INSERT INTO `tbl_order_details` VALUES (59,49,5,1,'2021-11-16 07:33:15',NULL,NULL,NULL,1,1080000.00),(60,50,6,1,'2021-11-16 15:32:03',NULL,NULL,NULL,1,999000.00),(61,51,7,1,'2021-11-16 16:24:54',NULL,NULL,NULL,1,660000.00),(62,52,26,1,'2021-11-29 21:57:39',NULL,NULL,NULL,1,2511000.00),(63,53,29,1,'2021-11-30 22:21:47',NULL,NULL,NULL,1,1480000.00),(64,54,26,1,'2021-12-01 05:49:40',NULL,NULL,NULL,1,2511000.00),(65,55,32,1,'2021-12-04 09:31:33',NULL,NULL,NULL,1,6500000.00),(66,56,17,1,'2021-12-04 10:22:11',NULL,NULL,NULL,1,391000.00),(67,57,29,1,'2021-12-05 09:15:39',NULL,NULL,NULL,1,1480000.00),(68,58,32,1,'2021-12-10 00:00:00','2021-12-11 16:04:49',7,1,1,6500000.00),(69,59,17,2,'2021-12-05 09:15:39',NULL,NULL,NULL,1,391000.00),(70,60,34,1,'2021-12-11 00:00:00','2021-12-11 09:10:25',NULL,1,1,2590000.00),(71,61,35,1,'2021-12-11 11:16:45','2021-12-11 11:16:45',NULL,NULL,1,5800000.00),(72,62,37,3,'2021-12-11 00:00:00','2021-12-11 22:23:20',7,1,1,6350000.00),(73,63,36,1,'2021-12-11 00:00:00','2021-12-11 23:04:55',NULL,1,1,7500000.00),(74,64,34,1,'2021-12-11 00:00:00','2021-12-28 10:40:25',11,1,1,2590000.00),(75,65,25,1,'2021-12-11 00:00:00','2021-12-28 10:40:13',10,1,1,1820000.00),(76,66,32,1,'2021-12-27 00:00:00','2021-12-27 11:14:22',7,1,1,6500000.00),(77,67,36,1,'2021-12-27 00:00:00','2021-12-27 11:15:14',7,1,1,7500000.00),(78,68,33,1,'2021-12-28 00:00:00','2021-12-28 10:39:57',NULL,1,1,2935500.00),(79,69,41,1,'2021-12-28 10:59:47','2021-12-28 10:59:47',10,10,1,2890000.00);
/*!40000 ALTER TABLE `tbl_order_details` ENABLE KEYS */;
UNLOCK TABLES;

--
-- Table structure for table `tbl_orders`
--

DROP TABLE IF EXISTS `tbl_orders`;
/*!40101 SET @saved_cs_client     = @@character_set_client */;
/*!50503 SET character_set_client = utf8mb4 */;
CREATE TABLE `tbl_orders` (
  `id` int NOT NULL AUTO_INCREMENT,
  `code` varchar(45) CHARACTER SET utf8 COLLATE utf8_general_ci NOT NULL,
  `user_id` int DEFAULT NULL,
  `total` decimal(13,2) NOT NULL,
  `created_date` date DEFAULT NULL,
  `updated_date` date DEFAULT NULL,
  `created_by` int DEFAULT NULL,
  `updated_by` int DEFAULT NULL,
  `status` tinyint(1) DEFAULT '1',
  `customer_name` varchar(100) CHARACTER SET utf8 COLLATE utf8_general_ci NOT NULL,
  `customer_address` varchar(100) CHARACTER SET utf8 COLLATE utf8_general_ci NOT NULL,
  `seo` varchar(200) CHARACTER SET utf8mb4 COLLATE utf8mb4_bin DEFAULT NULL,
  `customer_phone` varchar(20) CHARACTER SET utf8 COLLATE utf8_general_ci NOT NULL,
  `customer_email` varchar(100) CHARACTER SET utf8 COLLATE utf8_general_ci NOT NULL DEFAULT '0',
  `processing_status` int NOT NULL,
  PRIMARY KEY (`id`)
) ENGINE=InnoDB AUTO_INCREMENT=70 DEFAULT CHARSET=utf8mb4 COLLATE=utf8mb4_bin COMMENT='Bảng dữ liệu chứa phiếu mua hàng';
/*!40101 SET character_set_client = @saved_cs_client */;

--
-- Dumping data for table `tbl_orders`
--

LOCK TABLES `tbl_orders` WRITE;
/*!40000 ALTER TABLE `tbl_orders` DISABLE KEYS */;
INSERT INTO `tbl_orders` VALUES (49,'DH81762',1,1080000.00,'2021-01-06','2021-11-30',NULL,1,1,'Hạ Hoàng Huy','Hà Nội',NULL,'0385853569','admin@gmail.com',3),(50,'DH23067',NULL,999000.00,'2021-02-16','2021-11-30',NULL,1,1,'Ha Huy','HN',NULL,'0385853552','hoanghuy24825@gmail.com',3),(51,'DH83845',NULL,660000.00,'2021-03-08','2021-11-17',NULL,1,1,'Ha Hoang Huy','Ha Noi',NULL,'03858853552','hoanghuy24825@gmail.com',3),(52,'DH58621',NULL,2511000.00,'2021-11-29','2021-12-06',NULL,1,1,'HaHuy','Hn',NULL,'0385853558','hoanghuy24825@gmail.com',3),(53,'DH6826',NULL,1480000.00,'2021-04-15','2021-02-15',NULL,1,1,'HuyHH','HN',NULL,'0381234567','hoanghuy24825@gmail.com',3),(54,'DH80041',9,2511000.00,'2021-04-01','2021-12-05',9,1,1,'Quan','HN',NULL,'0123456789','abc@gmail.com',3),(55,'DH92462',7,6500000.00,'2021-05-04','2021-12-05',7,1,1,'Nguyễn Thị Hiền','Hà Nội',NULL,'0354895623','hien@gmail.com',3),(56,'DH31302',NULL,391000.00,'2021-06-04','2021-12-05',NULL,1,1,'Hoàng Thị Huyền','Hà Nội',NULL,'03845628944','huyenht@gmail.com',3),(57,'DH39217',7,1480000.00,'2021-07-05','2021-12-06',7,1,1,'Nguyễn Thị Hiền','Hà Nội',NULL,'0354895623','hien@gmail.com',3),(58,'DH5698',7,6500000.00,'2021-09-10','2021-12-11',7,1,1,'Nguyễn Thị Hiền','Hà Nội',NULL,'0354895623','hien@gmail.com',3),(59,'DH61747',10,782000.00,'2021-10-10','2021-12-10',10,10,1,'Hạ Huy','Hà Nội',NULL,'0385468415','hoanghuy24825@gmail.com',3),(60,'DH12339',NULL,2590000.00,'2021-10-11','2021-12-11',NULL,1,1,'Phan Ngọc Dũng','Hà Nội',NULL,'03845623785','dungnp@gmail.com',3),(61,'DH5370',NULL,5800000.00,'2021-08-11','2021-12-11',NULL,NULL,1,'Nguyễn Nhật Hoàng','Hà Nội',NULL,'03845689522','hoangnn@gmail.com',3),(62,'DH30628',7,19050000.00,'2021-12-11','2021-12-11',7,1,1,'Nguyễn Thị Hiền','Hà Nội',NULL,'0354895623','hien@gmail.com',3),(63,'DH18088',NULL,7500000.00,'2021-12-11','2021-12-11',NULL,1,1,'Phạm Nhật Hùng','Hà Nội',NULL,'0385642356','hungpn@gmail.com',4),(64,'DH64395',11,2590000.00,'2021-12-11','2021-12-28',11,1,1,'Tu','Hà Nội',NULL,'03846545464','vuminhquang0598@gmail.com',1),(65,'DH35791',10,1820000.00,'2021-12-11','2021-12-28',10,1,1,'Hạ Huy','Hà Nội',NULL,'0385468415','hoanghuy24825@gmail.com',0),(66,'DH6529',7,6500000.00,'2021-12-27','2021-12-27',7,1,1,'Nguyễn Thị Hiền','Hà Nội',NULL,'0354895623','hien@gmail.com',4),(67,'DH27076',7,7500000.00,'2021-12-27','2021-12-27',7,1,1,'Nguyễn Thị Hiền','Hà Nội',NULL,'0354895623','hien@gmail.com',3),(68,'DH34135',NULL,2935500.00,'2021-12-28','2021-12-28',NULL,1,1,'Nguyễn Thị Huyền','Hà Nội',NULL,'03858658911','huyennt@gmail.com',0),(69,'DH86868',10,2890000.00,'2021-12-28','2021-12-28',10,10,1,'Hạ Huy','Hà Nội',NULL,'0385468415','hoanghuy24825@gmail.com',0);
/*!40000 ALTER TABLE `tbl_orders` ENABLE KEYS */;
UNLOCK TABLES;

--
-- Table structure for table `tbl_products`
--

DROP TABLE IF EXISTS `tbl_products`;
/*!40101 SET @saved_cs_client     = @@character_set_client */;
/*!50503 SET character_set_client = utf8mb4 */;
CREATE TABLE `tbl_products` (
  `id` int NOT NULL AUTO_INCREMENT,
  `title` varchar(1000) CHARACTER SET utf8 COLLATE utf8_general_ci NOT NULL,
  `short_description` varchar(3000) CHARACTER SET utf8 COLLATE utf8_general_ci NOT NULL,
  `detail_description` longtext CHARACTER SET utf8mb4 COLLATE utf8mb4_bin,
  `avatar` varchar(200) CHARACTER SET utf8mb4 COLLATE utf8mb4_bin DEFAULT NULL,
  `trademark` varchar(200) CHARACTER SET utf8mb4 COLLATE utf8mb4_bin NOT NULL,
  `origin` varchar(200) CHARACTER SET utf8mb4 COLLATE utf8mb4_bin NOT NULL,
  `manufacture_year` int NOT NULL DEFAULT '1',
  `category_id` int DEFAULT NULL,
  `created_date` datetime DEFAULT CURRENT_TIMESTAMP,
  `updated_date` datetime DEFAULT NULL,
  `created_by` int DEFAULT NULL,
  `updated_by` int DEFAULT NULL,
  `status` tinyint(1) DEFAULT '1',
  `seo` varchar(1000) CHARACTER SET utf8mb4 COLLATE utf8mb4_bin DEFAULT NULL,
  `is_hot` tinyint(1) DEFAULT '0',
  `fragrant` varchar(255) CHARACTER SET utf8 COLLATE utf8_general_ci NOT NULL,
  PRIMARY KEY (`id`),
  KEY `fk_category_products_idx` (`category_id`),
  CONSTRAINT `fk_category_products` FOREIGN KEY (`category_id`) REFERENCES `tbl_category` (`id`) ON DELETE RESTRICT
) ENGINE=InnoDB AUTO_INCREMENT=119 DEFAULT CHARSET=utf8mb4 COLLATE=utf8mb4_bin COMMENT='Bảng dữ liệu chứa danh mục sản phẩm';
/*!40101 SET character_set_client = @saved_cs_client */;

--
-- Dumping data for table `tbl_products`
--

LOCK TABLES `tbl_products` WRITE;
/*!40000 ALTER TABLE `tbl_products` DISABLE KEYS */;
INSERT INTO `tbl_products` VALUES (101,'Le Labo Santal 33 EDP','Santal 33 được ra mắt vào năm 2011 bởi thương hiệu nước hoa “tươi” nổi tiếng Le Labo','<p><strong>Nước Hoa Le Labo Santal 33 Unisex 100ml</strong>&nbsp;l&agrave; chai&nbsp;<a href=\"https://vuahanghieu.com/nuoc-hoa\">nước hoa nổi tiếng</a>&nbsp;của&nbsp;<a href=\"https://vuahanghieu.com/le-labo\">h&atilde;ng Le Labo</a>&nbsp;d&agrave;nh cho cả Nam v&agrave; Nữ, nổi tiếng kh&ocirc;ng chỉ v&igrave; hương thơm m&agrave; c&ograve;n v&igrave; sự độc đ&aacute;o.&nbsp;<strong>Santal 33&nbsp;</strong>đ&atilde; khiến nhiều người, kể cả chuy&ecirc;n gia nước hoa cũng phải &quot;đứng h&igrave;nh&quot; khi lần đầu họ ngửi m&ugrave;i hương n&agrave;y.</p>\n\n<h2><strong>Lịch sử nước hoa Santal 33</strong></h2>\n\n<p>Lấy cảm hứng từ nước hoa Santal 26, một trong những loại nền thơm m&agrave; &iacute;t người biết đến, một m&ugrave;i hương&nbsp;<a href=\"https://vuahanghieu.com/nuoc-hoa/unisex\">nước hoa Unisex</a>&nbsp;th&iacute;ch hợp cho cả nam v&agrave; nữ. M&ugrave;i hương&nbsp;<strong>nước hoa Santal 33 EDP</strong>&nbsp;nhắm đến việc truyền tải lại huyền thoại của những ch&agrave;ng cao bồi: Những v&ugrave;ng đất bao la, những cơn gi&oacute; sa mạc n&oacute;ng bức, những chiếc y&ecirc;n ngựa phơi nắng, v&agrave; kh&oacute;i tỏa ra từ những bếp lửa về đ&ecirc;m.</p>\n\n<p><img alt=\"Lịch sử nước hoa Santal 33\" src=\"https://cdn.vuahanghieu.com/unsafe/0x0/left/top/smart/filters:quality(90)/https://admin.vuahanghieu.com/upload/news/content/2020/07/nuoc-hoa-le-labo-33-edp-100ml-unisex-anh-1-jpg-1595910419-28072020112659.jpg\" style=\"height:338px; width:600px\" /></p>\n\n<p><a href=\"https://vuahanghieu.com/nuoc-hoa-le-labo-santal-33-100ml-ph017922\">Nước hoa Santal 33 EDP</a>&nbsp;của h&atilde;ng Le Labo l&agrave; nước hoa thuộc d&ograve;ng hương gỗ thơm d&agrave;nh cho cả nam lẫn nữ v&agrave; đ&atilde; được giới thiệu v&agrave;o năm 2011. Người đ&atilde; thiết kế n&ecirc;n m&ugrave;i hương nước hoa n&agrave;y ch&iacute;nh l&agrave; chuy&ecirc;n gia&nbsp;<strong>Frank Voelkl</strong>.</p>\n\n<h2><strong>Thiết kế chai nước hoa Santal 33 EDP 100ml</strong></h2>\n\n<p><a href=\"https://vuahanghieu.com/nuoc-hoa-le-labo-santal-33-100ml-ph017922\"><strong>Chai Santal 33 100ml</strong></a>&nbsp;mang thiết kế chai đặc trưng của&nbsp;<a href=\"https://vuahanghieu.com/le-labo/my\">thương hiệu Le Labo Mỹ</a>&nbsp;với tạo h&igrave;nh giống như một chai đựng h&oacute;a chất trong c&aacute;c ph&ograve;ng th&iacute; nghiệm m&agrave; kh&ocirc;ng ở đ&acirc;u c&oacute;.</p>\n\n<p><img alt=\"Thiết kế chai nước hoa Santal 33 EDP 100ml\" src=\"https://cdn.vuahanghieu.com/unsafe/0x0/left/top/smart/filters:quality(90)/https://admin.vuahanghieu.com/upload/news/content/2020/07/nuoc-hoa-le-labo-33-edp-100ml-unisex-anh-2-jpg-1595910471-28072020112751.jpg\" style=\"height:533px; width:600px\" /></p>\n\n<p><strong>Santal 33</strong>&nbsp;mang diện mạo l&agrave; lọ thủy tinh trong suốt với nắp bạc, th&acirc;n chai được d&aacute;n giấy trắng in t&ecirc;n nguy&ecirc;n liệu + số nguy&ecirc;n liệu, ng&agrave;y sản xuất, dung t&iacute;ch v&agrave; t&ecirc;n người sở hữu. Nắp chai in ch&igrave;m t&ecirc;n thương hiệu cũng l&agrave; điểm nhấn tạo n&ecirc;n vẻ đệp tinh tế m&agrave; đầy đơn giản của&nbsp;<strong>chai Le labo Santal 33</strong>&nbsp;n&agrave;y.</p>\n\n<h2><strong>M&ugrave;i hương nước hoa Le Labo Santal 33 nồng, c&aacute; t&iacute;nh</strong></h2>\n\n<p><strong>Le Labo Santal 33</strong>&nbsp;l&agrave; một bản tuy&ecirc;n ng&ocirc;n cho sự s&aacute;ng tạo về m&ugrave;i hương bởi những n&eacute;t chấm ph&aacute; ri&ecirc;ng biệt qua m&ugrave;i &aacute;m kh&oacute;i, đặc biệt&nbsp;<a href=\"https://vuahanghieu.com/nuoc-hoa\">chai nước hoa đẳng cấp</a>&nbsp;n&agrave;y khơi dậy sự sống m&atilde;nh liệt của rừng gi&agrave; bạc ng&agrave;n với h&agrave;ng ni&ecirc;n kỷ.</p>\n\n<p><img alt=\"Mùi hương nước hoa Le Labo Santal 33 100ml nồng, cá tính\" src=\"https://cdn.vuahanghieu.com/unsafe/0x0/left/top/smart/filters:quality(90)/https://admin.vuahanghieu.com/upload/news/content/2020/07/nuoc-hoa-le-labo-33-edp-100ml-unisex-anh-3-jpg-1595910807-28072020113327.jpg\" style=\"height:596px; width:600px\" /></p>\n\n<p>N&oacute; kh&ocirc;ng hề giống bất cứ m&ugrave;i hương&nbsp;<a href=\"https://vuahanghieu.com/nuoc-hoa\">nước hoa</a>&nbsp;n&agrave;o m&agrave; họ từng biết đến.&nbsp;<a href=\"https://vuahanghieu.com/nuoc-hoa-le-labo-santal-33-100ml-ph017922\"><strong>Nước Hoa Le Labo Santal 33 100ml</strong></a>&nbsp;được điều chế từ 33 nguy&ecirc;n liệu kh&aacute;c nhau, trong đ&oacute; chủ yếu l&agrave; gỗ đ&agrave;n hương &Uacute;c, gỗ tuyết t&ugrave;ng, bạch đậu khấu... Do đ&oacute;,&nbsp;<strong>Santal 33</strong>&nbsp;kh&ocirc;ng c&oacute; m&ugrave;i hương ngọt ng&agrave;o, n&oacute; l&ocirc;i cuốn v&agrave; mạnh mẽ, mang đến sự c&aacute; t&iacute;nh ri&ecirc;ng cho người sử dụng. Chai nước hoa của Mỹ được cả 2 giới y&ecirc;u mến sử dụng.</p>\n\n<p><img alt=\"Santal 33 EDP 100ml không có mùi hương ngọt ngào, nó lôi cuốn và mạnh mẽ\" src=\"https://cdn.vuahanghieu.com/unsafe/0x0/left/top/smart/filters:quality(90)/https://admin.vuahanghieu.com/upload/news/content/2020/07/nuoc-hoa-le-labo-33-edp-100ml-unisex-anh-4-jpg-1595910822-28072020113342.jpg\" style=\"height:600px; width:600px\" /></p>\n\n<p>T&oacute;m lại,&nbsp;<a href=\"https://vuahanghieu.com/le-labo/nuoc-hoa\">Nước hoa Le Labo</a>&nbsp;n&agrave;y l&agrave; một m&ugrave;i hương đầy ấp sự th&uacute; vị v&agrave; dễ g&acirc;y nghiện, thu h&uacute;t mọi t&iacute;n đồ mộ điệu&nbsp;<a href=\"https://vuahanghieu.com/thoi-trang\" title=\"thời trang\">thời trang</a>.&nbsp;<strong>Santal 33</strong>&nbsp;sẽ tạo ra một bầu kh&ocirc;ng kh&iacute; giống với nơi miền t&acirc;y hoang d&atilde; ở bất kỳ nơi n&agrave;o bạn đến.</p>\n\n<p><iframe frameborder=\"0\" height=\"415\" src=\"https://www.youtube.com/embed/Z8Wmu6XvlAE?rel=0\" width=\"100%\"></iframe></p>\n\n<table border=\"1\">\n	<tbody>\n		<tr>\n			<td><strong>Thương hiệu</strong></td>\n			<td><a href=\"https://vuahanghieu.com/le-labo\"><strong>LE LABO</strong></a></td>\n		</tr>\n		<tr>\n			<td><strong>Xuất xứ</strong></td>\n			<td><a href=\"https://vuahanghieu.com/nuoc-hoa/my\">Nước hoa Mỹ</a></td>\n		</tr>\n		<tr>\n			<td><strong>Dung t&iacute;ch</strong></td>\n			<td><a href=\"https://vuahanghieu.com/nuoc-hoa/100-ml\">Chai 100ml</a></td>\n		</tr>\n		<tr>\n			<td><strong>Nồng độ</strong></td>\n			<td><a href=\"https://vuahanghieu.com/nuoc-hoa/eau-de-parfum\">Eau de Parfum</a>&nbsp;(EDP)</td>\n		</tr>\n		<tr>\n			<td><strong>Nh&oacute;m hương</strong></td>\n			<td><a href=\"https://vuahanghieu.com/nuoc-hoa/woody-aromatic-huong-go-thom-thao-moc\">Woody Aromatic: hương gỗ thơm, thảo mộc</a></td>\n		</tr>\n		<tr>\n			<td><strong>Độ lưu hương</strong></td>\n			<td>L&acirc;u - Từ 7 giờ đến 12 giờ</td>\n		</tr>\n		<tr>\n			<td><strong>Độ tỏa hương</strong></td>\n			<td>Xa - Toả hương trong v&ograve;ng b&aacute;n k&iacute;nh 2 m&eacute;t</td>\n		</tr>\n		<tr>\n			<td><strong>Thời điểm khuy&ecirc;n d&ugrave;ng</strong></td>\n			<td>Ng&agrave;y, Đ&ecirc;m, Xu&acirc;n, Thu</td>\n		</tr>\n	</tbody>\n</table>','product/avatar/le-labo-santal-33-orchard.vn_-1.jpg',' Le Labo','Anh',2011,35,'2021-11-02 00:00:00','2021-11-29 06:24:54',1,1,1,'le-labo-santal-33-edp',1,'	Da Thuộc, Gỗ Đàn Hương'),(102,'Nước Hoa Nam Afnan Supremacy Silver EDP','Nước Hoa Afnan Supremacy Silver EDP là chai nước hoa nam đến từ thương hiệu nổi tiếng Afnan Perfumes. Afnan Supremacy Silver mang đến nguồn sinh lực cho nam giới, một chai nước hoa mang hương tinh tế, nam tính, hấp dẫn.','<h2><strong>Lịch sử nước hoa Afnan Supremacy Silver EDP</strong></h2>\n\n<p>Bắt nguồn từ đất nước Ấn độ,&nbsp;<strong>Afnan Supremacy Silver</strong>&nbsp;được ra mắt năm 2013 mang đến nguồn sinh lực cho nam giới, gợi l&ecirc;n cảm gi&aacute;c một chuyến phi&ecirc;u lưu qua những nền văn h&oacute;a Ấn độ.&nbsp;</p>\n\n<p><img src=\"https://cdn.vuahanghieu.com/unsafe/0x0/left/top/smart/filters:quality(90)/https://admin.vuahanghieu.com/upload/news/content/2021/06/nuoc-hoa-nu-afnan-supremacy-silver-orchard-vn-3-768x576-png-1623830223-16062021145703.png\" /></p>\n\n<p>Cũng giống như c&aacute;c loại nước hoa kh&aacute;c của&nbsp;thương hiệu Afnan, Chai Supremacy Silver kết hợp truyền thống nước hoa phương T&acirc;y cùng hương thơm kỳ lạ của Trung Đ&ocirc;ng. Chai&nbsp;<a href=\"https://vuahanghieu.com/afnan-perfumes\">nước hoa Afnan</a>&nbsp;c&ograve;n được đ&aacute;nh gi&aacute; l&agrave; m&ugrave;i hương giống với &quot;&ocirc;ng ho&agrave;ng&quot; Creed Aventus nhất.&nbsp;</p>\n\n<h2><strong>Thiết kế chai nước hoa Afnan Supremacy Silver EDP</strong></h2>\n\n<p>Được l&agrave;m bằng vật liệu tự nhi&ecirc;n tốt nhất của Ph&aacute;p v&agrave; được chế tạo dưới b&agrave;n tay của những nh&agrave; s&aacute;ng chế nước hoa, những người hiểu r&otilde; c&aacute;ch c&acirc;n băng m&ugrave;i hương mạnh mẽ. Bởi vậy m&ugrave;i hương n&agrave;y đ&atilde; nổi tiếng tại nhiều nơi tr&ecirc;n thế giới.</p>\n\n<p><img alt=\"Thiết kế chai nước hoa Afnan Supremacy Silver EDP\" src=\"https://cdn.vuahanghieu.com/unsafe/0x0/left/top/smart/filters:quality(90)/https://admin.vuahanghieu.com/upload/news/content/2021/06/nuoc-hoa-nu-afnan-supremacy-silver-orchard-vn-4-jpg-1623830230-16062021145710.jpg\" style=\"width:600px\" /></p>\n\n<p><a href=\"https://vuahanghieu.com/nuoc-hoa-afnan-supremacy-silver-edp-100ml-ph030745\"><strong>Nước Hoa Afnan Supremacy Silver EDP 100ml</strong></a>&nbsp;với &yacute; tưởng v&agrave; thiết kế độc nhất lấy cảm hứng từ những b&igrave;nh t&ocirc;ng rượu từ thời chiến, Supremacy Silver tạo n&ecirc;n một h&igrave;nh tượng t&aacute;o bạo, dũng cảm, gan g&oacute;c của những chiến b&igrave;nh thời xa xưa. Ngo&agrave;i ra, thiết kế của Afnan mang đến &yacute; nghĩa thu hẹp sự ph&acirc;n chia thế giới giữa phương T&acirc;y v&agrave; phương Đ&ocirc;ng.</p>\n\n<h2><strong>M&ugrave;i hương nước hoa Afnan Supremacy Silver EDP</strong></h2>\n\n<p>V&igrave; l&agrave; &quot;người anh em sinh đ&ocirc;i&quot; của Creed Aventus thế n&ecirc;n Supremacy Silver mang đến hương dứa nướng v&agrave; kh&oacute;i đặc trưng l&agrave;m n&ecirc;n t&ecirc;n tuổi của người anh đi trước.</p>\n\n<p>Hương mở đầu với hương thơm của tr&aacute;i c&acirc;y tươi m&aacute;t như thơm, t&aacute;o, quả l&yacute; chua, cam Bergamot. Nối tiếp l&agrave; hương thơm nhẹ nh&agrave;ng đặc trưng của hoa hồng, gỗ Bu-l&ocirc;, nh&agrave;i, hoắc hương cuốn h&uacute;t. Hương cuối ấm &aacute;p v&agrave; cũng l&agrave; ch&igrave;a kh&oacute;a để m&ugrave;i hương n&agrave;y mang dấu ấn đậm tr&ecirc;n cơ thể của người đ&agrave;n &ocirc;ng manh mẽ, đ&oacute; l&agrave; những note hương r&ecirc;u sồi, xạ hương, long di&ecirc;n hương, vani.</p>\n\n<p><img src=\"https://cdn.vuahanghieu.com/unsafe/0x0/left/top/smart/filters:quality(90)/https://admin.vuahanghieu.com/upload/news/content/2021/06/nuoc-hoa-nu-afnan-supremacy-silver-orchard-vn-2-jpg-1623830236-16062021145716.jpg\" /></p>\n\n<p><strong>M&ugrave;i hương đặc trưng:</strong></p>\n\n<ul>\n	<li><strong>Hương đầu:</strong>&nbsp;Quả t&aacute;o xanh, Cam Bergamot, Quả l&yacute; chua đen, Quả thơm.</li>\n	<li><strong>Hương giữa:</strong>&nbsp;Hoa hồng, Gỗ Bu-l&ocirc;, Hoa nh&agrave;i Morocco, C&acirc;y hoắc hương.</li>\n	<li><strong>Hương cuối:</strong>&nbsp;R&ecirc;u sồi, Xạ hương, Long di&ecirc;n hương, Hương Vani.</li>\n</ul>\n\n<p>Chai&nbsp;<a href=\"https://vuahanghieu.com/nuoc-hoa\">nước hoa ch&iacute;nh h&atilde;ng</a>&nbsp;này được r&acirc;́t nhi&ecirc;̀u quý &ocirc;ng lựa chọn, vừa toát l&ecirc;n được hương thơm sang trọng, lại vừa có mức giá v&ocirc; cùng t&ocirc;́t.</p>','product/avatar/nuoc-hoa-afnan-supremacy-silver-edp-100ml-60c9ad129a3ed-16062021144938.jpg','AFNAN PERFUMES','Ả Rập',2013,33,'2021-11-09 23:35:08','2021-11-29 06:24:51',1,1,1,'nuoc-hoa-nam-afnan-supremacy-silver-edp',1,'Hương dứa nướng và khói'),(103,'Dior Sauvage Parfum','Dior Sauvage Eau De Toilette ra mắt từ năm 2015 đã làm “bấn loạn” giới yêu nước hoa bởi hương thơm vừa quyến rũ, vừa hoang dại. Và 2018 này hãng tung ra phiên bản Dior Sauvage Eau De Parfum tăng cường độ lưu hương để thỏa mãn các tín đồ nước hoa.','<p>Dior Sauvage Eau De Toilette ra mắt từ năm 2015 đ&atilde; l&agrave;m &ldquo;bấn loạn&rdquo; giới y&ecirc;u nước hoa bởi hương thơm vừa quyến rũ, vừa hoang dại. V&agrave; 2018 n&agrave;y h&atilde;ng tung ra phi&ecirc;n bản Dior Sauvage Eau De Parfum tăng cường độ lưu hương để thỏa m&atilde;n c&aacute;c t&iacute;n đồ nước hoa.</p>\n\n<p><img alt=\"\" src=\"https://orchard.vn/wp-content/uploads/2019/09/3348901486385_5.jpg\" style=\"height:597px; width:596px\" /></p>\n\n<p>M&ugrave;i hương của phố thị hiện đại ồn &agrave;o. Phảng phất đ&acirc;u đ&oacute; m&ugrave;i Cocktail Mojito m&aacute;t lạnh c&ugrave;ng lớp gỗ mỏng manh, đậm m&ugrave;i vỏ cam chanh tươi m&aacute;t.</p>\n\n<p>Kh&aacute;c với phi&ecirc;n bản EDP v&agrave; EDT trước, Sauvage Parfum năm nay sẽ rất dữ dằn, mạnh mẽ với việc tăng cường c&aacute;c th&agrave;nh phần phương đ&ocirc;ng đặc biệt với Đậu Vanilla , hoa hồi, v&agrave; hạt nhục đậu khấu.</p>\n\n<p>Dior Sauvage Eau De Parfum với thiết kế v&agrave; hương thơm đầy mạnh mẽ v&agrave; nam t&iacute;nh nhưng ho&agrave;n to&agrave;n c&oacute; thể cảm nhận được hương thơm quyến rũ lan tỏa ra từ d&ograve;ng nước hoa huyền b&iacute; n&agrave;y.</p>\n\n<p>Dior Sauvage lại ra mẫu mới lấy lấy cảm hứng từ tự nhi&ecirc;n, từ bầu trời xanh, n&uacute;i đ&aacute;, n&oacute;ng dưới &aacute;nh mặt trời sa mạc với hương thơm c&oacute; khả năng thu h&uacute;t cả ph&aacute;i đẹp lẫn ph&aacute;i mạnh.</p>\n\n<p>Thực tế, đ&acirc;y l&agrave; sản phẩm nước hoa d&agrave;nh cho nam, tuy nhi&ecirc;n c&aacute;c c&ocirc; n&agrave;ng c&oacute; c&aacute; t&iacute;nh mạnh mẽ ho&agrave;n to&agrave;n c&oacute; thể sử dụng l&agrave;m bật l&ecirc;n sức hấp dẫn v&agrave; phong th&aacute;i sang trọng của m&igrave;nh nhờ hương thơm n&agrave;y.</p>','product/avatar/3348901486392_672fa1db2d985714658c181fc5f0ac72.jpg','Dior','Pháp',2019,33,'2021-11-16 10:31:47','2021-11-17 13:59:47',1,1,1,'dior-sauvage-parfum',1,'Bergamot, Amber, Vanilla'),(104,'Narciso Rodriguez For Her EDP','Narciso Rodriguez For Her là sản phẩm đầu tay của thương hiệu Narciso Rodriguez và cũng là chai nước hoa mà từ lúc ra mắt cho tới thời điểm hiện tại đều nằm trong Top hit hương nước hoa được nữ giới yêu thích nhất.','<p><strong>Narciso Rodriguez For Her</strong>&nbsp;l&agrave; sản phẩm đầu tay của thương hiệu&nbsp;<strong>Narciso Rodriguez</strong>&nbsp;v&agrave; cũng l&agrave; chai nước hoa m&agrave; từ l&uacute;c ra mắt cho tới thời điểm hiện tại đều nằm trong Top hit hương nước hoa được nữ giới y&ecirc;u th&iacute;ch nhất. Năm 2006 Narciso Rodriguez cho ra phi&ecirc;n bản EDP Narciso m&agrave;u hồng&nbsp;pastel&nbsp;nhẹ nh&agrave;ng c&ugrave;ng m&ugrave;i hương ngọt ng&agrave;o hiện đại v&agrave; đầy c&aacute; t&iacute;nh được v&iacute; như vũ kh&iacute; g&acirc;y thương nhớ cao l&agrave;m cho những c&ocirc; n&agrave;ng trở n&ecirc;n nổi bật v&agrave; thu h&uacute;t hơn bao giờ hết.&nbsp;</p>\n\n<p><img alt=\"\" src=\"https://orchard.vn/wp-content/uploads/2015/01/nuoc-hoa-narciso-rodriguez-for-her-1024x1024.jpg\" style=\"height:1024px; width:1024px\" /></p>\n\n<h3>Hương thơm</h3>\n\n<p>M&ugrave;i hương đặc trưng:</p>\n\n<ul>\n	<li>\n	<ul>\n		<li>Hương đầu: Hoa hồng, Quả đ&agrave;o</li>\n		<li>Hương giữa: Xạ hương, Hổ ph&aacute;ch</li>\n		<li>Hương cuối: Gỗ đ&agrave;n hương, Hoắc hương</li>\n	</ul>\n	</li>\n</ul>\n\n<p>Nhiều người cảm nhận thấy hương phấn thơm rất r&otilde; rệt trong chai nước hoa n&agrave;y, đ&oacute; l&agrave; do sự c&acirc;n bằng ho&agrave;n hảo của 2 hương thơm tuyệt đẹp đ&oacute; l&agrave; hoa hồng v&agrave; xạ hương l&agrave;m trung t&acirc;m, điểm quanh l&agrave; gỗ thơm, hoắc hương v&agrave; hổ ph&aacute;ch. Chỉ đơn giản thế th&ocirc;i nhưng m&ugrave;i hương của Narciso Rodriguez For Her EDP bỗng trở n&ecirc;n đa chiều, đa cảm v&agrave; mượt m&agrave; hơn hẳn.&nbsp;Một ch&uacute;t tươi s&aacute;ng, rạng rỡ như thi&ecirc;n thần của phi&ecirc;n bản EDP đối trọng với sắc th&aacute;i ma mị của phi&ecirc;n bản EDT nhưng cả 2 đều c&oacute; những điểm chung nhất định, đ&oacute; ch&iacute;nh l&agrave; bản sắc rất ri&ecirc;ng m&agrave; Narciso Rodriguez lồng gh&eacute;p v&agrave;o tất cả hương thơm.</p>\n\n<h3>Ph&ugrave; hợp với</h3>\n\n<p>Nước hoa Narciso hồng phấn ph&ugrave; hợp với nữ từ độ tuổi 25. Rất ph&ugrave; hợp với sự trẻ trung, năng động cũng như c&aacute; t&iacute;nh của phụ nữ ng&agrave;y nay.</p>\n\n<h3>Đ&aacute;nh gi&aacute;</h3>\n\n<ul>\n	<li>Độ lưu hương: L&acirc;u &ndash; 7 giờ đến 12 giờ</li>\n	<li>Độ toả hương: Gần &ndash; Toả hương trong v&ograve;ng một c&aacute;nh tay</li>\n	<li>Thời điểm khuy&ecirc;n d&ugrave;ng: Ng&agrave;y, Đ&ecirc;m, Xu&acirc;n, Thu, Đ&ocirc;ng</li>\n</ul>\n\n<p><img alt=\"\" src=\"https://orchard.vn/wp-content/uploads/2015/01/nuoc-hoa-narciso-rodriguez-for-her-edp-orchard.vn_-1024x1024.jpg\" style=\"height:597px; width:597px\" /></p>\n\n<p>(Cận cảnh Narciso Rodriguez For Her 100ml tại Orchard.vn)</p>\n\n<p><img alt=\"\" src=\"https://orchard.vn/wp-content/uploads/2015/01/nuoc-hoa-nu-narciso-rodriguez-for-her-edp.jpg\" style=\"height:597px; width:597px\" /></p>\n\n<p>(Nước hoa Narciso hồng phấn với thiết kế nhẹ nh&agrave;ng v&agrave; ngọt ng&agrave;o)</p>','product/avatar/Narciso-Rodriguez-For-Her-EDP-100ML_t6av-n0.png','Narciso Rodriguez','Mỹ',2006,34,'2021-11-16 10:57:37','2021-11-29 00:00:00',1,1,1,'narciso-rodriguez-for-her-edp',NULL,'Xạ Hương ( Musk ), Hoa Hồng ( Rose )'),(105,'Nước Hoa Tesori D’Oriente Italy','Nước hoa Tesori D’Oriente  là một trong những dòng sản phẩm nước hoa sang trọng mang hơi hướng phương đông với những mùi hương đầy ngọt ngào từ thiên nhiên nhẹ dịu, trẻ trung, vui vẻ và sexy với một tí ấm áp, sâu lắng, mềm mại và bí ẩn.','<p>Nước hoa<strong>&nbsp;Tesori D&rsquo;Oriente&nbsp;&nbsp;</strong>l&agrave; một trong những d&ograve;ng sản phẩm nước hoa sang trọng mang hơi hướng phương đ&ocirc;ng với những m&ugrave;i hương đầy ngọt ng&agrave;o từ thi&ecirc;n nhi&ecirc;n nhẹ dịu, trẻ trung, vui vẻ v&agrave; sexy với một t&iacute; ấm &aacute;p, s&acirc;u lắng, mềm mại v&agrave; b&iacute; ẩn. Nước hoa<strong>&nbsp;Tesori D&rsquo;Oriente&nbsp;</strong>c&oacute;&nbsp;khả năng lưu hương l&acirc;u gi&uacute;p cơ thể bạn lu&ocirc;n thơm m&aacute;t suốt cả ng&agrave;y.</p>\n\n<p><img alt=\"\" src=\"https://orchard.vn/wp-content/uploads/2020/10/nuoc-hoa-italia-tesori-doriente-orchard.vn-1.png\" style=\"height:924px; width:1567px\" /></p>\n\n<p>&nbsp;</p>\n\n<h3>C&aacute;c m&ugrave;i hương nước hoa&nbsp;<strong>Tesori D&rsquo;Oriente</strong>&nbsp;:</h3>\n\n<h4>Tesori D&rsquo;Oriente Ayurveda&nbsp; EDP:</h4>\n\n<p><img alt=\"\" src=\"https://orchard.vn/wp-content/uploads/2020/10/nuoc-hoa-italia-tesori-doriente-orchard.vn-2.jpg\" style=\"height:413px; width:413px\" /></p>\n\n<ul>\n	<li>Hương đầu : Chanh v&agrave;ng, cam</li>\n	<li>Hương giữa : Hoa di&ecirc;n vĩ, hoa ngọc lan t&acirc;y, Hoa t&iacute;m,</li>\n	<li>Hương cuối : C&acirc;y hoắc hương, gỗ đ&agrave;n hương, Xạ hương, Quả Amla, dầu m&egrave;, l&ocirc; hội, c&uacute;c t&acirc;m tư v&agrave; c&aacute;c thảo mộc kh&aacute;c.</li>\n</ul>\n\n<h4>Tesori D&rsquo;Oriente Fiore Del Dragone EDT :</h4>\n\n<p><img alt=\"\" src=\"https://orchard.vn/wp-content/uploads/2020/10/nuoc-hoa-italia-tesori-doriente-orchard.vn-5.jpg\" style=\"height:550px; width:550px\" /></p>\n\n<p>&nbsp;</p>\n\n<p>&nbsp;</p>\n\n<ul>\n	<li>Hương đầu: Vị đắng nhẹ của quả mơ.</li>\n	<li>Hương giữa: Hoa Cam, Hoa Nh&agrave;i, Yang-Ylang v&agrave; Hoa Huệ.</li>\n	<li>Hương cuối: Hương Vani, Gỗ Đ&agrave;n hương, Hổ ph&aacute;ch, Xạ hương.</li>\n</ul>\n\n<h4>Tesori D&rsquo;Oriente Fior Di Loto EDT :</h4>\n\n<p><img alt=\"\" src=\"https://orchard.vn/wp-content/uploads/2020/10/nuoc-hoa-italia-tesori-doriente-orchard.vn-3.png\" style=\"height:512px; width:512px\" /></p>\n\n<ul>\n	<li>Hương đầu: Hoa sen, Quả cam,&nbsp; Quả đ&agrave;o, Hoa hồng.</li>\n	<li>Hương giữa: Hoa sen, Hoa nh&agrave;i, Hoa huệ trắng, Hoa linh lan thung lũng.</li>\n	<li>Hương cuối: Vani, Hương gỗ, Gỗ đ&agrave;n hương, Xạ hương.</li>\n</ul>\n\n<h4>Tesori D&acute;Oriente Hammam EDT :</h4>\n\n<p><img alt=\"\" src=\"https://orchard.vn/wp-content/uploads/2020/10/nuoc-hoa-italia-tesori-doriente-orchard.vn-4.jpg\" style=\"height:526px; width:526px\" /></p>\n\n<ul>\n	<li>Hương đầu ti&ecirc;n: Qu&yacute;t, chanh v&agrave;ng, hoa hạnh nh&acirc;n.</li>\n	<li>Hương giữa: Hoa Cam, hoa Nh&agrave;i.</li>\n	<li>Hương cuối: Vani, hương gỗ, hỗ ph&aacute;ch, xạ hương.</li>\n</ul>','product/avatar/nuoc-hoa-italia-tesori-doriente-orchard.vn_.jpg','Tesori D’Oriente','Italia',2015,35,'2021-11-16 11:03:40','2021-11-29 00:00:00',1,1,1,'nuoc-hoa-tesori-doriente-italy',NULL,'Hương tinh chất Hamnam'),(106,'Dolce & Gabbana L’Imperatrice 3 For Woman','Dolce & Gabbana tung ra thị trường năm loại nước hoa khác nhau thuộc bộ sưu tập D&G Anthology vào tháng 9 năm 2009. ','<p><strong>Dolce &amp; Gabbana</strong>&nbsp;tung ra thị trường&nbsp;năm loại nước hoa kh&aacute;c nhau thuộc bộ sưu tập D&amp;G Anthology v&agrave;o th&aacute;ng 9 năm&nbsp;2009. Nước hoa<strong>&nbsp;L`Imperatrice 3</strong>&nbsp;thuộc bộ sưu tập n&agrave;y,&nbsp;sở hữu hương vị đặc trưng của dưa hấu, kiwi, hoa anh thảo hồng v&agrave; xạ hương.</p>\n\n<p><img alt=\"\" src=\"https://orchard.vn/wp-content/uploads/2018/07/dolce-gabbana-limperatrice-3-for-woman-orchardvn-1024x1024.jpg\" style=\"height:1024px; width:1024px\" /></p>\n\n<p>Những nốt hương tr&aacute;i c&acirc;y độc đ&aacute;o của kiwi, hồng ti&ecirc;u, c&acirc;y đại ho&agrave;ng tạo n&ecirc;n lớp hương đầu để rồi dẫn dắt dưa hấu xuất hiện c&ugrave;ng với hoa&nbsp;anh thảo, hoa nh&agrave;i nhấn nh&aacute; đem lại c&aacute;c lớp hương đầu v&agrave; giữa quấn qu&yacute;t rất đặc sắc. Thoang thoảng&nbsp;một ch&uacute;t hương chua đệm th&ecirc;m sự tươi mới kh&aacute;c biệt cho nh&oacute;m hương biển truyền thống. Hương gỗ ấm h&ograve;a quyện c&ugrave;ng lớp hương ngọt dịu của hai lớp hương đầu khi lắng đọng ở lớp cuối g&acirc;y n&ecirc;n một sức gợi cảm m&atilde;nh liệt. N&oacute; l&agrave; một sự tương phản giữa mạnh mẽ v&agrave; dịu d&agrave;ng đặc sắc. Xạ hương tiếp th&ecirc;m n&eacute;t tinh tế thanh tao cho hương thơm.</p>\n\n<p>Thiết kế mẫu chai cực kỳ đơn giản. Nước hoa m&agrave;u hồng phấn nữ t&iacute;nh được bao bọc bởi th&acirc;n thủy tinh h&igrave;nh chữ nhật cứng c&aacute;p tương tự sự tương phản trong ch&iacute;nh hương thơm. Chiếc nắp đen h&igrave;nh trụ tr&ograve;n c&oacute; những v&acirc;n dọc t&ocirc; điểm th&ecirc;m n&eacute;t tối giản cho chai nước hoa.</p>\n\n<p><img alt=\"\" src=\"https://orchard.vn/wp-content/uploads/2018/07/IMG_9075.JPG-1024x684.jpeg\" style=\"height:467px; width:700px\" /></p>','product/avatar/pol_pl_Dolce-Gabbana-D-G-3-LImperatrice-woda-toaletowa-100-ml-2041_1.jpg','Dolce & Gabbana (D&G)','Anh',2009,34,'2021-11-16 11:18:02','2021-11-17 13:59:54',1,1,1,'dolce-gabbana-limperatrice-3-for-woman',1,'Hương đầu: hồng tiêu, kiwi, cây đại hoàng. Hương giữa: hoa nhài, hoa anh thảo, dưa hấu. Hương cuối: Xạ hương, hương gỗ, lá chanh.'),(107,'Versace Eros Pour Femme','Với mong muốn mang đến sự gợi cảm tự nhiên và lắng đọng như nét đẹp hoang sơ, đầy tự nhiên thuở hoang sơ. Thương hiệu Versace đã cho ra đời mùi hương mới đầy nhục cảm và hấp dẫn mang tên Versace Eros Pour Femme vào tháng 12 năm 2014 mang phong cách và không thể nào nhầm lẫn của Versace.','<p>Với mong muốn mang đến sự gợi cảm tự nhi&ecirc;n v&agrave; lắng đọng như n&eacute;t đẹp hoang sơ, đầy tự nhi&ecirc;n thuở hoang sơ. Thương hiệu Versace đ&atilde; cho ra đời m&ugrave;i hương mới đầy nhục cảm v&agrave; hấp dẫn mang t&ecirc;n&nbsp;<strong>Versace Eros Pour Femme&nbsp;</strong>v&agrave;o th&aacute;ng 12 năm 2014&nbsp;mang phong c&aacute;ch v&agrave; kh&ocirc;ng thể n&agrave;o nhầm lẫn của Versace.</p>\n\n<p><img alt=\"Versace Eros Pour Femme\" src=\"https://orchard.vn/wp-content/uploads/2015/05/Versace-Eros-Pour-Femme-688x1024.jpg\" style=\"height:1024px; width:688px\" /></p>\n\n<p>Eros c&oacute; nghĩa l&agrave; Thi&ecirc;n Ch&uacute;a, v&agrave; &yacute; nghĩa của&nbsp;<strong>Eros Pour Femme</strong>&nbsp;mang đến cho người phụ nữ với dụng &yacute; rằng đ&acirc;y l&agrave; m&ugrave;i hương của Thi&ecirc;n Ch&uacute;a ban tặng cho người phụ nữ, đầy thi&ecirc;ng li&ecirc;ng v&agrave; thần th&aacute;nh. &nbsp;Chai nước hoa đầy đặc biệt&nbsp;n&agrave;y ch&iacute;nh l&agrave; kết quả nghi&ecirc;n cứu cũng như t&igrave;m t&ograve;i kh&ocirc;ng ngừng nghĩ của bộ ba chuy&ecirc;n gia Alberto Morillas, Olivier Cresp v&agrave; Nathaline Lorson.</p>\n\n<p><img alt=\"Versace Eros Pour Femme\" src=\"https://orchard.vn/wp-content/uploads/2015/05/Versace-Eros-Pour-Femme-1-1024x682.jpg\" style=\"height:466px; width:700px\" /></p>\n\n<p>H&igrave;nh ảnh của chiến dịch quảng c&aacute;o&nbsp;<strong>Versace Eros Pour Femme</strong>&nbsp;được thưc hiện tại trường quay&nbsp;Pinewood ở London trong hồ chứa nước, nơi m&agrave; c&aacute;c bộ phim về điệp vi&ecirc;n James Bond đ&atilde; được quay.&nbsp;Chiến dịch n&agrave;y được k&yacute; kết v&agrave; đảm nhiệm bởi c&aacute;c nhiếp ảnh gia Mert Alas v&agrave; Marcus Piggott.</p>\n\n<p><img alt=\"\" src=\"https://orchard.vn/images/companies/1/Eros%20Pour%20Femme%20Versace%204.jpg\" style=\"width:600px\" /></p>\n\n<h3>M&ugrave;i hương đặc trưng:</h3>\n\n<ul>\n	<li>\n	<ul>\n		<li>Hương đầu: Hanh Sicilia, Cam bergamot Calabria, Thạch lựu.</li>\n		<li>Hương giữa: Hương chanh, Hoa nh&agrave;i Sambac, Hoa nh&agrave;i,&nbsp; Hoa mẫu đơn.</li>\n		<li>Hương cuối: Gỗ đ&agrave;n hương, Ambrox, Xạ hương.</li>\n	</ul>\n	</li>\n</ul>\n\n<p>C&aacute;c th&agrave;nh phần m&ugrave;i hương để tạo n&ecirc;n hương thơm của&nbsp;<strong>Eros Pour Femme</strong>&nbsp;bắt đầu với&nbsp;chanh Sicilia, cam bergamot Calabria v&agrave; thạch lựu, tr&aacute;i tim của&nbsp;<strong>Eros Pour Femme</strong>&nbsp;l&agrave; hương&nbsp;chanh, hoa nh&agrave;i Sambac, hoa nh&agrave;i v&agrave; hoa mẫu đơn. Hương cuối l&agrave; sự&nbsp;kết hợp giữa gỗ đ&agrave;n hương, ambrox, xạ hương.&nbsp;Khu&ocirc;n mặt đại diện cho chai nước hoa n&agrave;y l&agrave; người mẫu&nbsp;Brian Shimansky.</p>','product/avatar/Versace-Eros-Pour-Femme-3.png','Versace ','Ý',2014,34,'2021-11-16 11:24:22','2021-11-17 13:59:51',1,1,1,'versace-eros-pour-femme',1,'Hương Hoa Cỏ, Gỗ & Xạ Hương'),(108,'Chanel Bleu De Chanel EDP','Không chỉ nổi tiếng bậc nhất thế giới dòng nước hoa dành cho nữ giới mà Chanel còn khẳng định đẳng cấp của mình trong vai trò làm đẹp cho các đấng mày râu. Được cho ra mắt năm 2014, nước hoa nam Chanel Bleu De Chanel EDP ','<p>Kh&ocirc;ng chỉ nổi tiếng bậc nhất thế giới d&ograve;ng nước hoa d&agrave;nh cho nữ giới m&agrave;&nbsp;<a href=\"https://orchard.vn/chanel-vn/\"><strong>Chanel</strong></a>&nbsp;c&ograve;n khẳng định đẳng cấp của m&igrave;nh trong vai tr&ograve; l&agrave;m đẹp cho c&aacute;c đấng m&agrave;y r&acirc;u. Được cho ra mắt năm 2014,&nbsp;<a href=\"https://orchard.vn/nuoc-hoa-nam/\">nước hoa nam</a>&nbsp;<strong>Chanel Bleu De Chanel EDP</strong>&nbsp;ph&aacute; vỡ mọi qui ước, mọi khu&ocirc;n khổ, khiến nhiều người phải trầm trồ với hương thơm mới mẻ n&agrave;y.</p>\n\n<p><img alt=\"\" src=\"https://orchard.vn/wp-content/uploads/2018/06/bleu-de-chanel-parfume-real-2048x2048.jpg\" style=\"height:536px; width:701px\" /></p>\n\n<p><em>(Được cho ra mắt năm 2014, nước hoa nam&nbsp;<strong>Bleu De Chanel</strong>&nbsp;<strong>EDP</strong>&nbsp;ph&aacute; vỡ mọi qui ước, mọi khu&ocirc;n khổ)</em></p>\n\n<h3 dir=\"ltr\">Hương thơm</h3>\n\n<ul>\n	<li>Hương Đầu: Quả chanh v&agrave;ng, Quả bưởi, Hồng ti&ecirc;u, Cam Bergamot, Ng&ograve; thơm, C&acirc;y bạc h&agrave;, Hương An đ&ecirc; h&iacute;t.</li>\n	<li>Hương giữa: Dưa gang, Hoa nh&agrave;i, Gừng, Nhục đậu khấu.</li>\n	<li>Hương cuối: Hương Labdanum, C&acirc;y hoắc hương, Gỗ đ&agrave;n hương, Gỗ tuyết t&ugrave;ng, Hổ ph&aacute;ch, Nhang (Hương), Amberwood.</li>\n</ul>\n\n<p>Với 3 tầng hương xen kẽ nhau,&nbsp;<strong>Chanel Bleu De Chanel EDP</strong>&nbsp;l&agrave; sự h&ograve;a quyện của bản lĩnh, gợi cảm, lịch l&atilde;m. Khởi đầu với hương vị ngọt ng&agrave;o đầy hứng khởi đến từ cam Berrgarmot v&agrave; bưởi. Đi c&ugrave;ng sự the m&aacute;t của bạc h&agrave; cho ta cảm gi&aacute;c đầy sảng kh&aacute;t v&agrave; m&aacute;t mẻ.&nbsp;Trải qua lớp hương thứ hai ch&uacute;ng ta lại cảm nhận được một điểm nhấn kh&aacute; đặc biệt, đ&oacute; l&agrave; sự ấm &aacute;p, pha ch&uacute;t nồng nhiệt l&ocirc;i cuốn xuất ph&aacute;t từ bạch đậu khấu, hồ ti&ecirc;u, gừng đ&uacute;ng với bản chất của hương gỗ thơm.</p>\n\n<p><strong>Chanel Bleu De Chanel EDP</strong>&nbsp;được đ&aacute;nh gi&aacute; l&agrave; chai nước hoa được giới m&agrave;y r&acirc;u y&ecirc;u th&iacute;ch nhất v&igrave; m&ugrave;i hương thanh lịch c&oacute; thể sử dụng trong nhiều dịp. Xịt để đi l&agrave;m, gặp kh&aacute;ch h&agrave;ng, đối t&aacute;c, đi chơi, dự tiệc đều thu h&uacute;t được sự ch&uacute; &yacute; của những người xung quanh.</p>\n\n<p><img alt=\"\" src=\"https://orchard.vn/wp-content/uploads/2015/01/nuoc-hoa-nam-chanel-bleu-edp-orchard.vn_-1.jpg\" style=\"height:685px; width:715px\" /></p>\n\n<p><em>(Chanel Bleu De Chanel EDP được đ&aacute;nh gi&aacute; l&agrave; chai nước hoa được giới m&agrave;y r&acirc;u y&ecirc;u th&iacute;ch nhất)</em></p>\n\n<h3>Ph&ugrave; hợp với</h3>\n\n<p><strong>Chanel Bleu De Chanel EDP</strong>&nbsp;ph&ugrave; hợp với nam độ tuổi từ 25. Muốn t&igrave;m kiếm một m&ugrave;i hương lịch l&atilde;m, mạnh mẽ, nam t&iacute;nh.</p>\n\n<h3>Đ&aacute;nh gi&aacute;</h3>\n\n<ul>\n	<li>Độ lưu hương: 7 đến 10 giờ.</li>\n	<li>Độ toả hương: xa, rộng.</li>\n	<li>Thời điểm khuy&ecirc;n d&ugrave;ng: Ng&agrave;y, Đ&ecirc;m, Xu&acirc;n, Hạ, Thu</li>\n</ul>','product/avatar/Chanel-Bleu-De-Chanel-EDP-100ML_huou-il.jpg','Chanel ','Pháp',2014,33,'2021-11-29 00:00:00','2021-11-29 06:37:41',1,1,1,'chanel-bleu-de-chanel-edp',NULL,'Quả Bưởi Tây ( Grapefruit ), Mùi Khói Thơm ( Incense )'),(109,'Nước Hoa Nam Giorgio Armani Acqua Di Gio Pour Homme EDT 100ml','Nước hoa Giorgio Armani Acqua Di Gio Pour Homme 100ml hay còn được gọi thân mật là \"Giò Trắng\" là chai nước hoa nam kinh điển với mùi hương được thử thách qua thời gian. Acqua Di Gio For Men là một hương thơm tươi mát, hiện đại, tinh khiết, mang lại vẻ nam tính và cuốn hút cho phái mạnh.','<h2><strong>Lịch sử nước hoa Gi&ograve; Trắng Acqua Di Gio Pour Homme</strong></h2>\n\n<p>&quot;Gi&ograve; Trắng&quot;&nbsp;<strong>Acqua Di Gio Pour Homme&nbsp;</strong>được lấy cảm hứng từ những g&igrave; tinh t&uacute;y của biển khơi, &aacute;nh mặt trời, đất mẹ v&agrave; những cơn gi&oacute; lồng lộng của những h&ograve;n đảo v&ugrave;ng đất Pantellerie của miền biển Địa Trung Hải.&nbsp;</p>\n\n<p><img alt=\"Lịch sử nước hoa Giò Trắng Acqua Di Gio Pour Homme\" src=\"https://cdn.vuahanghieu.com/unsafe/0x0/left/top/smart/filters:quality(90)/https://admin.vuahanghieu.com/upload/news/content/2020/06/nuoc-hoa-giorgio-armani-acqua-di-gio-pour-homme-100ml-1-min-jpg-1592887889-23062020115129.jpg\" style=\"height:600px; width:600px\" /></p>\n\n<p>Sở hữu một m&ugrave;i hương của sự tự do, đầy gi&oacute; v&agrave; nước cho cả nam v&agrave; nữ,&nbsp;<a href=\"https://vuahanghieu.com/nuoc-hoa-nam-armani-acqua-di-gio-pour-homme-100ml-ph003691\"><strong>Acqua Di Gio Pour Homme 100ml</strong></a>&nbsp;được chế tạo ra v&agrave;o năm 1996, thuộc hương hoa cỏ tr&aacute;i c&acirc;y bởi nh&agrave; s&aacute;ng chế&nbsp;<strong>Alberto Morillas</strong>.</p>\n\n<h2><strong>Thiết kế chai nước hoa Giorgio Armani Acqua Di Gio Pour Homme 100ml</strong></h2>\n\n<p>Acqua Di Gi&ograve; được mệnh danh l&agrave; l&agrave; một kiệt t&aacute;c v&agrave; l&agrave; một t&aacute;c phẩm kinh điển trong&nbsp;<a href=\"https://vuahanghieu.com/nuoc-hoa\">thế giới nước hoa cao cấp</a>. Mẫu chai của&nbsp;<a href=\"https://vuahanghieu.com/nuoc-hoa-nam-armani-acqua-di-gio-pour-homme-100ml-ph003691\">Acqua di Gio</a>&nbsp;Pour Homme được thiết kế đơn giản với th&acirc;n chai thủy tinh mờ với t&ecirc;n của thương hiệu&nbsp;<a href=\"https://vuahanghieu.com/giorgio-armani\">Giorgio Armani</a>&nbsp;b&ecirc;n tr&ecirc;n.</p>\n\n<p><img alt=\"Thiết kế chai nước hoa Giorgio Armani Acqua Di Gio Pour Homme 100ml\" src=\"https://cdn.vuahanghieu.com/unsafe/0x0/left/top/smart/filters:quality(90)/https://admin.vuahanghieu.com/upload/news/content/2020/06/nuoc-hoa-giorgio-armani-acqua-di-gio-pour-homme-100ml-min-jpg-1592887731-23062020114851.jpg\" style=\"height:600px; width:600px\" /></p>\n\n<p>Chiếc nắp chai đi k&egrave;m c&oacute; h&igrave;nh trụ tr&ograve;n với m&agrave;u sắc kim loại kh&aacute; mạnh mẽ v&agrave; nam t&iacute;nh. Cộng th&ecirc;m, v&ograve;i xịt khiến cho việc sử dụng&nbsp;<a href=\"https://vuahanghieu.com/nuoc-hoa\">chai nước hoa đẳng cấp</a>&nbsp;n&agrave;y dễ d&agrave;ng hơn bao giờ.</p>\n\n<h2><strong>M&ugrave;i hương nước hoa Armani Acqua Di Gio Pour Homme 100ml b&ugrave;ng nổ nam t&iacute;nh</strong></h2>\n\n<p>Với hương thơm tinh khiết, ng&agrave;o ngạt v&agrave; nồng n&agrave;n m&ugrave;i gỗ, m&ugrave;i hương thoang thoảng của gi&oacute; biển, quả ch&iacute;n v&agrave; c&acirc;y cỏ, nước hoa&nbsp;<strong>Acqua Di Gio Pour Homme</strong>&nbsp;l&agrave; sự thể hiện r&otilde; r&agrave;ng của nam t&iacute;nh ở mỗi người đ&agrave;n &ocirc;ng.</p>\n\n<p><img alt=\"Mùi hương nước hoa Armani Acqua Di Gio Pour Homme 100ml bùng nổ nam tính\" src=\"https://cdn.vuahanghieu.com/unsafe/0x0/left/top/smart/filters:quality(90)/https://admin.vuahanghieu.com/upload/news/content/2020/06/nuoc-hoa-giorgio-armani-acqua-di-gio-pour-homme-100ml-2-min-jpg-1592887951-23062020115231.jpg\" style=\"height:750px; width:600px\" /></p>\n\n<p>M&ugrave;i hương phối hợp h&ograve;a quyện n&agrave;y được h&igrave;nh th&agrave;nh từ sự h&ograve;a hợp ho&agrave;n hảo giữa m&ugrave;i hương ng&ograve;n ngọt mằn mặn của nước biển v&agrave; &aacute;nh nắng ấm &aacute;p mơn trớn tr&ecirc;n l&agrave;n da của bạn.&nbsp;<a href=\"https://vuahanghieu.com/nuoc-hoa-nam-armani-acqua-di-gio-pour-homme-100ml-ph003691\"><strong>Aqua di Gio pour Homme 100ml</strong></a>&nbsp;đầy &aacute;nh nắng mặt trời Địa Trung Hải n&oacute;ng như thi&ecirc;u đốt.</p>\n\n<p>Hương cam qu&yacute;t đăng đắng với hương thơm của hương thảo quyện với vị mặn của biển v&agrave; tinh chất hoa nh&agrave;i trong suốt. Tầng hương cuối cuả&nbsp;<a href=\"https://vuahanghieu.com/nuoc-hoa\">nước hoa</a>&nbsp;thơm m&ugrave;i gỗ lưu lại m&ugrave;i xạ hương ấm &aacute;p l&agrave;m cho c&aacute;c m&ugrave;i hương gay gắt của gia vị trở n&ecirc;n mềm mại hơn.&nbsp;</p>\n\n<p><img alt=\"Hương thơm Nước hoa Armani Acqua Di Gio Pour Homme 100ml\" src=\"https://cdn.vuahanghieu.com/unsafe/0x0/left/top/smart/filters:quality(90)/https://admin.vuahanghieu.com/upload/news/content/2020/06/nuoc-hoa-giorgio-armani-acqua-di-gio-pour-homme-100ml-3-min-jpg-1592888006-23062020115326.jpg\" style=\"height:600px; width:600px\" /></p>\n\n<p>Một ch&agrave;ng trai trong mơ xuất hiện với nụ cười tỏa nắng, mặc sơ mi trắng, c&ugrave;ng hương thơm qu&aacute; đỗi &quot;gợi nhớ&quot; của&nbsp;<a href=\"https://vuahanghieu.com/giorgio-armani/nuoc-hoa\">nước hoa Giorgio Armani</a>&nbsp;khiến c&ocirc; n&agrave;ng n&agrave;o đ&oacute; thổn thức, nhớ nhung v&agrave; đem cả khoảnh khắc đ&oacute; v&agrave;o giấc mơ, để rồi viết ra c&acirc;u chuyện của m&igrave;nh tr&ecirc;n facebook với mong muốn t&igrave;m kiếm sự trợ gi&uacute;p cho bản th&acirc;n m&igrave;nh, rằng ch&agrave;ng trai kia l&agrave; ai, v&agrave; m&ugrave;i hương đ&oacute; l&agrave; g&igrave;.</p>\n\n<p><img alt=\"Nước hoa Giò Trắng Armani Acqua Di Gio Pour Homme 100ml\" src=\"https://cdn.vuahanghieu.com/unsafe/0x0/left/top/smart/filters:quality(90)/https://admin.vuahanghieu.com/upload/news/content/2020/06/nuoc-hoa-giorgio-armani-acqua-di-gio-pour-homme-100ml-4-min-jpg-1592888067-23062020115427.jpg\" style=\"height:400px; width:600px\" /></p>\n\n<p>T&oacute;m lại,&nbsp;<a href=\"https://vuahanghieu.com/nuoc-hoa-nam-armani-acqua-di-gio-pour-homme-100ml-ph003691\"><strong>Gi&ograve; Trắng 100ml</strong></a>&nbsp;nhẹ nh&agrave;ng, ch&acirc;n thật, tươi s&aacute;ng v&agrave; hiện đại, một người đ&agrave;n &ocirc;ng tự do, một người đ&agrave;n &ocirc;ng lu&ocirc;n để lại sự nhớ nhung nhiều cho mọi c&ocirc; g&aacute;i đ&atilde; từng bước qua, d&ugrave; chỉ l&agrave; v&ocirc; t&igrave;nh.&nbsp;</p>\n\n<ul>\n	<li><strong>Hương đầu</strong>: Quả cam, Quả chanh xanh, Quả qu&yacute;t hồng, Hoa nh&agrave;i, Cam Bergamot, Quả chanh v&agrave;ng, Hoa cam Neroli.</li>\n	<li><strong>Hương giữa</strong>: Hoa anh thảo, Nhục đậu khấu, C&acirc;y mộng t&ecirc; (Mignonette), Ng&ograve; thơm, Hoa t&iacute;m, Hoa lan Nam Phi, Hương nước biển, Quả đ&agrave;o, Hoa lan dạ hương (Hiacynth), Hoa hồng, Hoa nh&agrave;i, C&acirc;y hương thảo, Hương Calone.</li>\n	<li><strong>Hương cuối</strong>: Hổ ph&aacute;ch, C&acirc;y hoắc hương, R&ecirc;u sồi, Gỗ tuyết t&ugrave;ng, Xạ hương trắng.</li>\n</ul>','product/avatar/nuoc-hoa-nam-armani-acqua-di-gio-pour-homme-100ml-5ef18b5815b72-23062020115552.jpg','GIORGIO ARMANI','Ý',1996,33,'2021-11-29 06:44:04','2021-11-29 06:44:08',1,1,1,'nuoc-hoa-nam-giorgio-armani-acqua-di-gio-pour-homme-edt-100ml',1,' Aromatic Aquatic - hương thơm biển'),(110,'Nước hoa Spice Addict Private Collection By Lomani EDP','Hương đầu: tiêu hồng, trầm hương\r\nHương giữa: quế, nhục đậu khấu, nhựa cây elemi, nhụy hoa nghệ tây (saffron)\r\nHương cuối: nhựa thơm, hổ phách, vanilla, xạ hương, gỗ Gaiac, hoắc hương, thuốc lá','<p>L&agrave; sự pha trộn tuyệt vời giữa sự mạnh mẽ, gợi cảm của gia vị v&agrave; hương rừng s&acirc;u thẳm. Sự kết hợp rực rỡ của nguy&ecirc;n liệu th&ocirc; mang lại n&eacute;t đặc trưng cho d&ograve;ng nước hoa n&agrave;y. Người s&aacute;ng tạo m&ugrave;i huơng đ&atilde; lựa chọn khai th&aacute;c c&aacute;c thế mạnh của gỗ, điển h&igrave;nh như Gaiac v&agrave; Patchoul mang lại sự độc đ&aacute;o v&agrave; chiều s&acirc;u cho hương thơm. Tất cả tạo n&ecirc;n sự ấm &aacute;p v&agrave; l&agrave;m t&ocirc;n l&ecirc;n c&aacute;c đặc trưng của hương thuốc l&aacute; - Một hương thơm g&acirc;y nghiện đầy gợi cảm.</p>\n\n<p><img alt=\"\" src=\"https://www.thegioinuochoa.com.vn/uploads/galleries/2021/04/uri/1618207726.3667.png\" /></p>','product/avatar/1618207917.4941.png','Parour','Ý',1995,35,'2021-11-29 07:13:45','2021-11-29 07:13:56',1,1,1,'nuoc-hoa-spice-addict-private-collection-by-lomani-edp',1,'Hương Phương Đông - Oriental'),(111,'Moschino Toy Boy','Hương đầu: Cam bergamot, Hồng tiêu, Trái lê\r\nHương giữa: Hoa hồng, Hoa mộc lan\r\nHương cuối: Cỏ Vetiver, Gỗ Cashmeran','<p><strong>Thương hiệu</strong></p>\n\n<p><a href=\"https://namperfume.net/blogs/thuong-hieu-nuoc-hoa/moschino\">Moschino</a></p>\n\n<p><strong>Xuất xứ</strong></p>\n\n<p>&Yacute;</p>\n\n<p><strong>Năm ph&aacute;t h&agrave;nh</strong></p>\n\n<p>2019</p>\n\n<p><strong>Nh&oacute;m hương</strong></p>\n\n<p>Hoa hồng, Hạt ti&ecirc;u đỏ, Hoa mộc lan</p>\n\n<p><strong>Phong c&aacute;ch</strong></p>\n\n<p>Tươi mới, Hiện đại, Nam t&iacute;nh</p>\n\n<p>Hương đầu: Cam bergamot, Hồng ti&ecirc;u, Tr&aacute;i l&ecirc;</p>\n\n<p>Hương giữa: Hoa hồng, Hoa mộc lan</p>\n\n<p>Hương cuối: Cỏ Vetiver, Gỗ Cashmeran</p>\n\n<p>&nbsp;</p>\n\n<p>Toy Boy l&agrave; d&ograve;ng nước hoa nam của thương hiệu Moschino mới được ra mắt v&agrave;o năm 2019 v&agrave; được thiết kế bởi gi&aacute;m đốc s&aacute;ng tạo Jeremy Scott. Toy Boy diễn giải về một người đ&agrave;n &ocirc;ng tự tin, năng động, đầy ho&agrave;i b&atilde;o v&agrave; đam m&ecirc;, nhưng kh&ocirc;ng ngại thể hiện kh&iacute;a cạnh h&oacute;m hỉnh v&agrave; h&agrave;i hước của bản th&acirc;n. Được chuy&ecirc;n gia nước hoa h&agrave;ng đầu Yann Vasnier s&aacute;ng tạo ra, Moschino Toy Boy thể hiện được đầy đủ sự tinh qu&aacute;i của &ocirc;ng c&aacute;ch tạo hương của &ocirc;ng, khi hương đầu l&agrave; sự kết hợp mới lạ giữa sự tươi m&aacute;t của Cam bergamot, tr&aacute;i l&ecirc; v&agrave; vị ấm nồng của hồng ti&ecirc;u. V&agrave; mặc d&ugrave; l&agrave; nước hoa nam, tr&aacute;i tim của Toy Boy lại phủ đầy c&aacute;c note hương hoa đầy quyến rũ. Toy Boy thể hiện được sự trầm ng&acirc;m v&agrave; nam t&iacute;nh nhất khi y&ecirc;n vị tr&ecirc;n da ở tầng hương cuối, nơi c&oacute; sự giao thoa mạnh mẽ giữa cỏ Vetiver v&agrave; hương gỗ Cashmeran. Được đ&aacute;nh gi&aacute; l&agrave; một chai nước hoa kh&oacute; ph&aacute;n đo&aacute;n v&agrave; x&aacute;c định được c&aacute;c tầng hương cụ thể, Toy Boy c&ograve;n g&acirc;y ấn tượng mạnh với thiết kế đậm chất lạ của Moschino.&nbsp;</p>','product/avatar/moschino-toy-boy-5ml_1e6572cfc59641968f403b8d6c4814bb.jpg','Moschino','Ý',2019,33,'2021-11-29 07:17:33','2021-12-06 22:06:14',1,1,1,'moschino-toy-boy',0,'Hoa hồng, Hạt tiêu đỏ, Hoa mộc lan'),(114,'Giftset Amouage Blossom Love 2pcs','Nước hoa nữ Amouage Blossom Love mang đậm hơi thở mùa xuân với muôn hoa đua nở, mùa của những rừng hoa anh đào phủ sắc hồng mộng mơ như tình yêu mới chớm của tuổi thanh xuân. Sự phối trộn nhịp nhàng của hoa tử đinh hương, anh đào, hoa hồng và ngọc lan tây cùng thoang thoảng hương phấn của mùi rượu hạnh nhân.','<p><strong>&nbsp;Giftset&nbsp; gồm 2 sản phẩm:</strong></p>\n\n<ul>\n	<li>Nước hoa Amouage Blossom Love EDP 100ml</li>\n	<li>Sữa dưỡng thể hương nước hoa Amouage Blossom Love 100ml<img alt=\"\" src=\"https://orchard.vn/wp-content/uploads/2021/11/52595922_2257290220990076_6976360609193394176_n.jpeg\" style=\"height:918px; width:802px\" /></li>\n</ul>\n\n<p>Nước hoa nữ&nbsp;<strong>Amouage Blossom Love</strong>&nbsp;mang đậm hơi thở m&ugrave;a xu&acirc;n với mu&ocirc;n hoa đua nở, m&ugrave;a của những rừng hoa anh đ&agrave;o phủ sắc hồng mộng mơ như t&igrave;nh y&ecirc;u mới chớm của tuổi thanh xu&acirc;n. Sự phối trộn nhịp nh&agrave;ng của hoa tử đinh hương, anh đ&agrave;o, hoa hồng v&agrave; ngọc lan t&acirc;y c&ugrave;ng thoang thoảng hương phấn của m&ugrave;i rượu hạnh nh&acirc;n. Phủ tr&ecirc;n cơ thể sau c&ugrave;ng l&agrave; tầng hương mềm mại từ những th&agrave;nh phần ngọt ng&agrave;o nhất khiến tr&aacute;i tim của c&aacute;c c&ocirc; g&aacute;i phải reo l&ecirc;n phấn khởi.</p>\n\n<ul>\n	<li><img alt=\"\" src=\"https://orchard.vn/wp-content/uploads/2021/11/Amouage-Blossom-Love-Set-2.jpeg\" style=\"height:849px; width:791px\" /></li>\n</ul>\n\n<h3>Ph&ugrave; hợp:</h3>\n\n<p>Nữ giới. Người y&ecirc;u th&iacute;ch m&ugrave;i hương sang trọng, nhẹ nh&agrave;ng v&agrave; dịu d&agrave;ng</p>\n\n<h3>M&ugrave;i hương đặc trưng:</h3>\n\n<ul>\n	<li>Nh&oacute;m hương: Floral ( hoa cỏ, phấn thơm )</li>\n	<li>Hương đầu: Hoa tử đinh hương, cam bergamot</li>\n	<li>Hương giữa:&nbsp; Rượu hạnh nh&acirc;n, ngọc lan t&acirc;y, hoa anh đ&agrave;o, hoa hồng</li>\n	<li>Hương cuối: Da lộn, vanilla, đậu tonka, hổ ph&aacute;ch</li>\n</ul>\n\n<h3>Đ&aacute;nh gi&aacute;:</h3>\n\n<ul>\n	<li>Độ lưu hương: 6h &ndash; 8h.</li>\n	<li>Độ tỏa hương:&nbsp; Kh&aacute; tốt, trong b&aacute;n k&iacute;nh khoảng 1,5m</li>\n	<li>Thời điểm khuy&ecirc;n d&ugrave;ng: Ng&agrave;y, Đ&ecirc;m, Xu&acirc;n, Hạ, Thu, Đ&ocirc;ng.</li>\n</ul>','product/avatar/Amouage-Blossom-Love-Set.jpg','Amouage','Ả Rập',1995,33,'2021-11-29 00:00:00','2021-12-28 10:44:50',1,1,1,'giftset-amouage-blossom-love-2pcs',NULL,'Floral ( hoa cỏ, phấn thơm )'),(115,'Lancôme Trésor La Nuit','Hãng nước hoa Lancôme đã cho ra mắt dòng nước hoa Lancôme La Nuit Tresor vào tháng 2/2015. Mùi hương này được đánh giá như là một thứ tình dược mang hương thơm ngọt ngào của bánh kẹo. Được tạo ra từ hai nhà sản xuất Christophe Raynaud và Amandine Marie. ','<p>H&atilde;ng&nbsp;nước hoa Lanc&ocirc;me đ&atilde; cho ra mắt d&ograve;ng nước hoa&nbsp;<strong>Lanc&ocirc;me La Nuit Tresor</strong>&nbsp;v&agrave;o th&aacute;ng 2/2015. M&ugrave;i hương n&agrave;y được đ&aacute;nh gi&aacute; như l&agrave; một thứ t&igrave;nh dược mang hương thơm ngọt ng&agrave;o của b&aacute;nh kẹo. Được tạo ra từ hai nh&agrave; sản xuất Christophe Raynaud v&agrave; Amandine Marie.&nbsp;</p>\n\n<p><img alt=\"\" src=\"https://orchard.vn/wp-content/uploads/2015/08/la-nuit-tresor-1024x683.jpg\" style=\"height:467px; width:700px\" /></p>\n\n<p><strong>La Nuit Tresor</strong>&nbsp;thể hiện một g&oacute;c tối ẩn khuất của hoa hồng bằng sự phối hợp giữa hương thơm hồng nhung v&agrave; hoa phong lan Tahiti. Ngo&agrave;i ra c&ograve;n c&oacute; sự xuất hiện của trầm hương thi&ecirc;n nhi&ecirc;n, c&oacute;i, hoắc hương, kẹo gi&ograve;n hương quả vải trong hỗn hợp m&ugrave;i hương n&agrave;y.&nbsp;</p>\n\n<p><img alt=\"\" src=\"https://orchard.vn/wp-content/uploads/2015/08/lancome-tresor-la-nuit-1024x683.jpg\" style=\"height:683px; width:1024px\" /></p>\n\n<p>Thiết kế vỏ chai l&agrave; h&igrave;nh ảnh vi&ecirc;n kim cương được quấn quanh cổ bởi dải lụa satin m&agrave;u đen tạo th&agrave;nh h&igrave;nh hoa hồng rất sang trọng v&agrave; qu&yacute; ph&aacute;i.</p>\n\n<p><img alt=\"\" src=\"https://orchard.vn/wp-content/uploads/2015/08/Lanc%C3%B4me-Tr%C3%A9sor-La-Nuit.png\" style=\"height:576px; width:766px\" /></p>\n\n<p><strong>Th&ocirc;ng tin sản phẩm:</strong></p>\n\n<ul>\n	<li>Thương hiệu: Nước hoa Lanc&ocirc;me</li>\n	<li>Nồng độ: Eau De Parfum&nbsp;(EDP)&nbsp;</li>\n	<li>Loại nước hoa d&agrave;nh cho nữ</li>\n	<li>M&ugrave;i hương đặc trưng:</li>\n</ul>\n\n<ol>\n	<li>Hương đầu: quả l&ecirc;, cam bergamot, qu&yacute;t.</li>\n	<li>Hương giữa: vanilla, hoa hồng đen, chanh d&acirc;y, d&acirc;u.</li>\n	<li>Hương cuối:&nbsp;patchouli, c&acirc;ychỉ thảo, hương, c&acirc;y vải, praline, vani, caramel, c&agrave; ph&ecirc;, coumarin, cam thảo.</li>\n</ol>\n\n<p><img alt=\"\" src=\"https://orchard.vn/images/companies/1/Product/Lancome/lancome%20tresor%20la%20nuit.jpg\" style=\"height:357px; width:300px\" /></p>\n\n<ul>\n	<li>Nh&oacute;m hương:&nbsp;Oriental Vanilla</li>\n	<li>Phong c&aacute;ch:&nbsp;Sang trọng, quyến rũ.</li>\n	<li>Dung t&iacute;ch: 5ml, 7ml, 30ml, 50ml, 75ml, 100ml</li>\n	<li>C&aacute;ch sử dụng: dạng xịt</li>\n	<li>Người s&aacute;ng lập:&nbsp;Christophe Raynaud, Amandine Marie</li>\n	<li>Năm ph&aacute;t h&agrave;nh: 2015</li>\n	<li>Xuất xứ: Ph&aacute;p</li>\n</ul>','product/avatar/lancome-traasor-la-nuit.jpg','Lancôme','Pháp',2015,33,'2021-12-04 23:16:25','2021-12-28 10:58:09',1,1,1,'lancome-tresor-la-nuit',1,'Kẹo Chocolate Nhân Hạt ( Praline ), Quả Vải ( Litchi )'),(116,'Ghala Zayed Luxuru Gold','Ghala Zayed Luxury Gold được mệnh danh là “Tinh hoa” của Tiểu vương quốc Dubai với thiết kế đại bàng đen cùng với mùi hương dứa nướng quyện khói thật vương giả, thuộc nhóm Oriental Vanilla mang đến một phong cách độc đáo cho nam giới.','<p><strong>Ghala Zayed Luxury Gold</strong>&nbsp;được mệnh danh l&agrave; &ldquo;Tinh hoa&rdquo; của Tiểu vương quốc Dubai với thiết kế đại b&agrave;ng đen c&ugrave;ng với&nbsp;m&ugrave;i hương dứa nướng quyện kh&oacute;i thật vương giả,&nbsp;thuộc nh&oacute;m Oriental Vanilla mang đến một phong c&aacute;ch&nbsp;độc đ&aacute;o cho nam giới.</p>\n\n<p><img alt=\"\" src=\"https://orchard.vn/wp-content/uploads/2018/03/ghala-zayed-luxury-gold-1519212843-3-5652604-1519212843.jpg\" style=\"height:640px; width:640px\" /></p>\n\n<p><strong>Th&ocirc;ng tin sản phẩm</strong></p>\n\n<ul>\n	<li>Thương hiệu:&nbsp;<strong>Ghala Zayed</strong></li>\n	<li>Nồng độ: Eau De Parfum (EDP)</li>\n	<li>Loại nước hoa d&agrave;nh cho nam</li>\n	<li>M&ugrave;i hương đặc trưng:&nbsp;Quả l&yacute; chua đen, Cam Bergamot, Hoa nh&agrave;i, C&acirc;y hoắc hương, Xạ hương, R&ecirc;u sồi, Hương Va ni</li>\n	<li>Nh&oacute;m hương: Oriental Vanilla</li>\n	<li>Phong c&aacute;ch:&nbsp;Mạnh mẽ, nam t&iacute;nh</li>\n	<li>Dung t&iacute;ch: 100ml</li>\n	<li>Xuất xứ: Mỹ</li>\n</ul>','product/avatar/nuoc-hoa-ghala-zayed-luxuru-gold-orchard.vn_.jpg','Ghala Zayed','Mỹ',2020,33,'2021-11-29 00:00:00','2021-12-28 10:43:58',1,1,1,'ghala-zayed-luxuru-gold',NULL,'Oriental Vanilla ( Hương Thơm Vani Ngọt Ngào )'),(117,'Creed Aventus','Hương Đầu: Cam Bergamot, Quả lý chua đen, Quả dứa (quả thơm)\r\nHương giữa: Gỗ Bu-lô, Cây hoắc hương, Hoa hồng\r\nHương cuối: Xạ hương, Rêu cây sồi, Hương Vani, Long diên hương','<p><strong>Thương hiệu</strong></p>\n\n<p><a href=\"https://namperfume.net/blogs/thuong-hieu-nuoc-hoa/creed\">Creed</a></p>\n\n<p><strong>Xuất xứ</strong></p>\n\n<p>Ph&aacute;p</p>\n\n<p><strong>Năm ph&aacute;t h&agrave;nh</strong></p>\n\n<p>2010</p>\n\n<p><strong>Nh&oacute;m hương</strong></p>\n\n<p>Dứa, Gỗ bu-lo, Xạ hương, Quả l&yacute; chua đen</p>\n\n<p><strong>Phong c&aacute;ch</strong></p>\n\n<p>Quyền lực, Nam t&iacute;nh, Hấp dẫn, Tinh tế</p>\n\n<p>Hương Đầu: Cam Bergamot, Quả l&yacute; chua đen, Quả dứa (quả thơm)<br />\nHương giữa: Gỗ Bu-l&ocirc;, C&acirc;y hoắc hương, Hoa hồng<br />\nHương cuối: Xạ hương, R&ecirc;u c&acirc;y sồi, Hương Vani, Long di&ecirc;n hương</p>\n\n<p><br />\nCreed Aventus t&ocirc;n vinh sức mạnh, tầm nh&igrave;n v&agrave; sự th&agrave;nh c&ocirc;ng, lấy cảm hứng từ cuộc sống đầy giai thoại giữa chiến tranh, h&ograve;a b&igrave;nh v&agrave; sự l&atilde;ng mạn của ho&agrave;ng đế Napoleon. Nhắc đến Aventus hẳn những ai y&ecirc;u th&iacute;ch nước hoa đều phải d&agrave;nh cho n&oacute; nhiều mỹ từ, v&agrave; từ ngữ mi&ecirc;u tả về n&oacute; một c&aacute;ch ch&acirc;n thật nhất đ&oacute; l&agrave; &quot;vua&quot; của nước hoa. Aventus l&agrave; một cổ ngữ, c&oacute; &yacute; nghĩa l&agrave; &quot;th&agrave;nh c&ocirc;ng&quot;, v&agrave; Aventus cũng từng l&agrave; một địa danh bao gồm v&ugrave;ng Louisiana, một khu vực Napoleon cai trị. Chừng ấy th&ocirc;i để thấy rằng nh&agrave; sản xuất nước hoa kinh điển của nước Anh, Creed, một trong những nh&agrave; chế t&aacute;c nước hoa l&acirc;u đời nhất trong lịch sử từ những năm 1760 đ&atilde; gửi gắm v&agrave; d&agrave;nh mọi t&acirc;m huyết cho huyền thoại Creed Aventus. V&agrave; ngay cả thiết kế chai cũng hướng tới h&igrave;nh tượng Napoleon cưỡi ngựa ra chiến trường, một sự mạnh mẽ v&agrave; đầy chất sử thi. Một m&ugrave;i hương nam t&iacute;nh, th&aacute;ch thức, tự tin, lạc quan v&agrave; đầy ho&agrave;i b&atilde;o d&agrave;nh cho những người gi&agrave;u tham vọng v&agrave; ch&iacute; lớn. Kh&iacute; chất của Creed Aventus tỏa ra l&agrave; vậy, quyền lực một c&aacute;ch tuyệt đối. Hương thơm của tr&aacute;i Dứa h&ograve;a quyện c&ugrave;ng Xạ hương, đan xen theo từng cung bậc m&ugrave;i hương của Gỗ Bu-l&ocirc; tạo n&ecirc;n một cốt c&aacute;ch phi thường, bản lĩnh v&agrave; c&oacute; thừa sự cuốn h&uacute;t. Creed Aventus kh&ocirc;ng d&agrave;nh cho những kẻ yếu đuối, nh&uacute;t nh&aacute;t, bởi khi kho&aacute;c l&ecirc;n lớp gi&aacute;p Aventus, sự cuốn h&uacute;t v&agrave; nể trọng đ&atilde; được đẩy l&ecirc;n một tầng cao nhất d&agrave;nh cho những người xung quanh. V&agrave; bạn cũng đừng bao giờ qu&ecirc;n, Creed Aventus đ&atilde; l&agrave; một vị vua, sự phục t&ugrave;ng v&ocirc; điều kiện của những c&ocirc; g&aacute;i xung quanh l&agrave; một điều hiển nhi&ecirc;n v&agrave; kh&oacute; tr&aacute;nh khỏi.</p>','product/avatar/creed-aventus-100ml-edp_d6a9b983c5d94cf2a48504f3dc8ae461_master.jpg','Creed','Pháp',2010,36,'2021-12-11 11:13:37','2021-12-11 11:13:37',1,1,1,'creed-aventus',NULL,'Dứa, Gỗ bu-lo, Xạ hương, Quả lý chua đen'),(118,'Kilian Good Girl Gone Bad','Hương đầu: Hoa nhài, Hoa mộc tê, Hoa hồng tháng 5\r\nHương giữa: Hoa huệ, Hoa thủy tiên\r\nHương cuối: Hổ Phách, Gỗ tuyết tùng','<p>Good Girl Gone Bad By Kilian được ra mắt v&agrave;o năm 2012, v&agrave; cho đến tận b&acirc;y giờ vẫn l&agrave; một trong số &iacute;t những m&ugrave;i hương lu&ocirc;n lu&ocirc;n nằm trong danh s&aacute;ch Best-Seller của d&ograve;ng nước hoa cao cấp, xa xỉ. Bạn c&oacute; thể y&ecirc;u m&ugrave;i hương n&agrave;y ngay từ khi bạn đọc c&aacute;c ghi ch&uacute; về th&agrave;nh phần m&ugrave;i hương, một quả bom l&agrave;m bằng Hoa, v&agrave; đặc biệt l&agrave; hoa trắng đang sẵn s&agrave;ng chờ đợi được ch&acirc;m ng&ograve;i từ c&uacute; xịt đầu ti&ecirc;n của bạn. Một vẻ đẹp tinh kh&ocirc;i nhưng chẳng k&eacute;m phần mạnh mẽ. T&ocirc;i sẽ l&yacute; giải cho bạn v&igrave; sao t&ocirc;i gọi đ&acirc;y l&agrave; một quả Bom, đơn giản v&igrave; n&oacute; c&oacute; sức mạnh lan tỏa v&agrave; lấn &aacute;t những m&ugrave;i hương xung quanh một c&aacute;ch kh&oacute; tin. Lưu &yacute; với mọi người rằng Good Girl Gone Bad By Kilian kh&ocirc;ng phải l&agrave; một chai nước hoa đậm m&ugrave;i hay l&agrave; ngọt, sức mạnh của n&oacute; đến từ việc cộng hưởng c&aacute;c note hương hoa một c&aacute;ch tinh tế v&agrave; t&aacute;o bạo, v&agrave; điều đ&oacute; đ&atilde; biến c&ocirc; n&agrave;ng n&agrave;y trở n&ecirc;n cuốn h&uacute;t một c&aacute;ch kh&oacute; tin. Hoa mộc t&ecirc;, Hoa Huệ, Hoa nh&agrave;i, Hoa thủy ti&ecirc;n, Hoa hồng th&aacute;ng 5, cả một vườn hoa chen nhau tỏa hương, biến c&ocirc; n&agrave;ng n&agrave;y trở b&ecirc;n nổi bật một c&aacute;ch nữ t&iacute;nh v&agrave; đầy gợi cảm. Bạn sẽ nhận được một t&iacute;n hiệu cảm x&uacute;c lẫn lộn đầy kh&oacute; hiểu khi tiếp x&uacute;c với c&ocirc; n&agrave;ng n&agrave;y, giống như c&aacute;i t&ecirc;n của c&ocirc; ấy vậy, Good v&agrave; Bad, qu&aacute; kh&oacute; để định nghĩa được c&ocirc; n&agrave;ng n&agrave;y khi cảm hứng của đối phương chỉ d&agrave;nh cho những lời đường mật, với mục đ&iacute;ch tiếp cận thật nhanh thay v&igrave; ph&aacute;n x&eacute;t tốt xấu ở nơi c&ocirc; ấy xuất hiện. Phụ nữ mạnh mẽ, đẹp v&agrave; gợi cảm, th&igrave; c&oacute; lẽ tốt hay xấu chỉ l&agrave; t&iacute;nh từ phụ để mang l&ecirc;n b&agrave;n c&acirc;n m&agrave; th&ocirc;i phải kh&ocirc;ng c&aacute;c ch&agrave;ng trai ;)</p>','product/avatar/kilian_good_girl_gone_bad_edp_8cd5a04016154ae6ae11c17c89b4f33a_master.jpg',' Kilian','Pháp',2012,33,'2021-11-29 00:00:00','2021-12-28 10:42:45',1,1,1,'kilian-good-girl-gone-bad',NULL,'Hoa mộc tê, Hoa huệ trắng, Hoa nhài');
/*!40000 ALTER TABLE `tbl_products` ENABLE KEYS */;
UNLOCK TABLES;

--
-- Table structure for table `tbl_products_images`
--

DROP TABLE IF EXISTS `tbl_products_images`;
/*!40101 SET @saved_cs_client     = @@character_set_client */;
/*!50503 SET character_set_client = utf8mb4 */;
CREATE TABLE `tbl_products_images` (
  `id` int NOT NULL AUTO_INCREMENT,
  `title` varchar(500) CHARACTER SET utf8 COLLATE utf8_general_ci NOT NULL,
  `path` varchar(200) CHARACTER SET utf8mb4 COLLATE utf8mb4_bin NOT NULL,
  `product_id` int NOT NULL,
  `created_date` datetime DEFAULT CURRENT_TIMESTAMP,
  `updated_date` datetime DEFAULT NULL,
  `created_by` int DEFAULT NULL,
  `updated_by` int DEFAULT NULL,
  `status` tinyint(1) DEFAULT '1',
  PRIMARY KEY (`id`),
  KEY `fk_product_images_idx` (`product_id`),
  CONSTRAINT `fk_product_images` FOREIGN KEY (`product_id`) REFERENCES `tbl_products` (`id`)
) ENGINE=InnoDB AUTO_INCREMENT=32 DEFAULT CHARSET=utf8mb4 COLLATE=utf8mb4_bin COMMENT='Bảng dữ liệu danh sách ảnh sản phẩm';
/*!40101 SET character_set_client = @saved_cs_client */;

--
-- Dumping data for table `tbl_products_images`
--

LOCK TABLES `tbl_products_images` WRITE;
/*!40000 ALTER TABLE `tbl_products_images` DISABLE KEYS */;
INSERT INTO `tbl_products_images` VALUES (1,'nuoc-hoa-afnan-supremacy-silver-edp-100ml-60c9ad12a0804-16062021144938.jpg','product/images/',102,'2021-11-09 23:35:08',NULL,NULL,NULL,1),(2,'nuoc-hoa-le-labo-santal-33-100ml-5df87ebc355f2-17122019140740.jpg','product/images/',101,'2021-11-10 21:25:43',NULL,NULL,NULL,1),(3,'3348901486385_5.jpg','product/images/',103,'2021-11-16 10:31:47',NULL,NULL,NULL,1),(4,'nuoc-hoa-narciso-rodriguez-for-her-orchard.vn_.png','product/images/',104,'2021-11-16 10:57:37',NULL,NULL,NULL,1),(5,'nuoc-hoa-nu-narciso-rodriguez-for-her-edp.jpg','product/images/',104,'2021-11-16 10:57:37',NULL,NULL,NULL,1),(6,'nuoc-hoa-narciso-rodriguez-for-her-scaled.jpg','product/images/',104,'2021-11-16 10:57:37',NULL,NULL,NULL,1),(7,'nuoc-hoa-italia-tesori-doriente-orchard.vn-2.jpg','product/images/',105,'2021-11-16 11:03:40',NULL,NULL,NULL,1),(8,'nuoc-hoa-italia-tesori-doriente-orchard.vn-3.png','product/images/',105,'2021-11-16 11:03:40',NULL,NULL,NULL,1),(9,'nuoc-hoa-italia-tesori-doriente-orchard.vn-4.jpg','product/images/',105,'2021-11-16 11:03:40',NULL,NULL,NULL,1),(10,'nuoc-hoa-italia-tesori-doriente-orchard.vn-5.jpg','product/images/',105,'2021-11-16 11:03:40',NULL,NULL,NULL,1),(11,'dolceegabbana-03-limperatrice-eau-de-toilette-20212_1.jpg','product/images/',106,'2021-11-16 11:18:02',NULL,NULL,NULL,1),(12,'dolce-gabbana-limperatrice-3-for-woman-orchardvn-scaled.jpg','product/images/',106,'2021-11-16 11:18:02',NULL,NULL,NULL,1),(13,'versace-eros-pour-femme-orchard.vn-2-scaled.jpg','product/images/',107,'2021-11-16 11:24:22',NULL,NULL,NULL,1),(14,'versace-eros-pour-femme-orchard.vn-1-scaled.jpg','product/images/',107,'2021-11-16 11:24:22',NULL,NULL,NULL,1),(15,'versace-eros-pour-femme-orchard.vn_-scaled.jpg','product/images/',107,'2021-11-16 11:24:22',NULL,NULL,NULL,1),(16,'nuoc-hoa-nam-chanel-bleu-edp-orchard.vn_.jpg','product/images/',108,'2021-11-16 11:27:25',NULL,NULL,NULL,1),(17,'chanel-de-bleu-orchard.vn_.jpg','product/images/',108,'2021-11-16 11:27:25',NULL,NULL,NULL,1),(18,'nuoc-hoa-nam-armani-acqua-di-gio-pour-homme-100ml-5ce51f1195d65-22052019170609.jpg','product/images/',109,'2021-11-29 06:44:04',NULL,NULL,NULL,1),(19,'moschino-toy-boy-5ml_1e6572cfc59641968f403b8d6c4814bb (1).jpg','product/images/',111,'2021-11-29 07:17:33',NULL,NULL,NULL,1),(20,'moschino-toy-boy-30ml_27ae9579acec4e5a8d82f5db7eb53ca5_master.jpg','product/images/',111,'2021-11-29 07:17:33',NULL,NULL,NULL,1),(21,'moschino-toy-boy-100ml_1392582e7c27471c9679c1d95bf619c4_master.jpg','product/images/',111,'2021-11-29 07:17:33',NULL,NULL,NULL,1),(22,'52595922_2257290220990076_6976360609193394176_n.jpg','product/images/',114,'2021-12-02 13:46:33',NULL,NULL,NULL,1),(23,'Amouage-Blossom-Love-Set-3.jpg','product/images/',114,'2021-12-02 13:46:33',NULL,NULL,NULL,1),(24,'Amouage-Blossom-Love-Set-2.jpg','product/images/',114,'2021-12-02 13:46:33',NULL,NULL,NULL,1),(25,'lancome-tresor-la-nuit.jpg','product/images/',115,'2021-12-04 23:16:25',NULL,NULL,NULL,1),(26,'ghala-zayed-luxury-gold-1519212843-3-5652604-1519212843.jpg','product/images/',116,NULL,NULL,NULL,NULL,1),(27,'IMG_2901.jpg','product/images/',116,NULL,NULL,NULL,NULL,1),(28,'creed-aventus-50ml_7f69f37a0ab64bb18f6a06483cab290b_master.jpg','product/images/',117,NULL,NULL,NULL,NULL,1),(29,'creed-aventus-100ml_b6ecd86717b548ac9157ccc7c00e2aa6_master.jpg','product/images/',117,NULL,NULL,NULL,NULL,1),(30,'kilian_good_girl_gone_bad_2_eb31eefa2eaa4a54a2d30e2d1eb3e40c_master.jpg','product/images/',118,NULL,NULL,NULL,NULL,1),(31,'kilian-good-girl-gone-bad_a5b577174a8a408b8a58be0993403f72_master.jpg','product/images/',118,NULL,NULL,NULL,NULL,1);
/*!40000 ALTER TABLE `tbl_products_images` ENABLE KEYS */;
UNLOCK TABLES;

--
-- Table structure for table `tbl_request_cancel_order`
--

DROP TABLE IF EXISTS `tbl_request_cancel_order`;
/*!40101 SET @saved_cs_client     = @@character_set_client */;
/*!50503 SET character_set_client = utf8mb4 */;
CREATE TABLE `tbl_request_cancel_order` (
  `id` int NOT NULL AUTO_INCREMENT,
  `customer_name` varchar(100) CHARACTER SET utf8mb4 COLLATE utf8mb4_bin NOT NULL,
  `customer_email` varchar(255) CHARACTER SET utf8mb4 COLLATE utf8mb4_bin NOT NULL,
  `request_type` varchar(100) CHARACTER SET utf8mb4 COLLATE utf8mb4_bin NOT NULL,
  `message` varchar(1000) CHARACTER SET utf8mb4 COLLATE utf8mb4_bin NOT NULL,
  `created_date` datetime DEFAULT CURRENT_TIMESTAMP,
  `updated_date` datetime DEFAULT NULL,
  `created_by` int DEFAULT NULL,
  `updated_by` int DEFAULT NULL,
  `status` tinyint(1) DEFAULT '1',
  `id_order` int NOT NULL,
  `reason` varchar(1000) CHARACTER SET utf8 COLLATE utf8_general_ci NOT NULL,
  `processing_status` tinyint(1) DEFAULT '0',
  PRIMARY KEY (`id`),
  KEY `FK_reques_cancelt_order_idx` (`id_order`),
  CONSTRAINT `FK_reques_cancelt_order` FOREIGN KEY (`id_order`) REFERENCES `tbl_orders` (`id`)
) ENGINE=InnoDB AUTO_INCREMENT=13 DEFAULT CHARSET=utf8mb4 COLLATE=utf8mb4_bin COMMENT='Bảng dữ liệu chứa thông tin liên hệ';
/*!40101 SET character_set_client = @saved_cs_client */;

--
-- Dumping data for table `tbl_request_cancel_order`
--

LOCK TABLES `tbl_request_cancel_order` WRITE;
/*!40000 ALTER TABLE `tbl_request_cancel_order` DISABLE KEYS */;
INSERT INTO `tbl_request_cancel_order` VALUES (3,'HuyHH','hoanghuy24825@gmail.com','hủy đơn hàng','Khách hàng gửi yêu cầu hủy đơn hàng có mã DH6826','2021-12-01 04:51:41',NULL,NULL,NULL,1,53,'Không còn nhu cầu',0),(5,'Quan','abc@gmail.com','hủy đơn hàng','Khách hàng gửi yêu cầu hủy đơn hàng có mã DH80041','2021-12-01 06:25:57',NULL,9,NULL,1,54,'cdscdsc',0),(8,'Nguyễn Thị Hiền','hien@gmail.com','hủy đơn hàng','Khách hàng gửi yêu cầu hủy đơn hàng có mã DH92462','2021-12-05 09:39:33',NULL,7,NULL,0,55,'Không còn nhu cầu',1),(9,'Hoàng Thị Huyền','huyenht@gmail.com','hủy đơn hàng','Khách hàng gửi yêu cầu hủy đơn hàng có mã DH31302','2021-12-05 09:41:42',NULL,NULL,NULL,0,56,'Không còn nhu cầu',1),(12,'Nguyễn Thị Huyền','huyennt@gmail.com','hủy đơn hàng','Khách hàng gửi yêu cầu hủy đơn hàng có mã DH34135','2021-12-28 10:38:48',NULL,NULL,NULL,0,68,'Không còn nhu cầu sử dụng',1);
/*!40000 ALTER TABLE `tbl_request_cancel_order` ENABLE KEYS */;
UNLOCK TABLES;

--
-- Table structure for table `tbl_reviews`
--

DROP TABLE IF EXISTS `tbl_reviews`;
/*!40101 SET @saved_cs_client     = @@character_set_client */;
/*!50503 SET character_set_client = utf8mb4 */;
CREATE TABLE `tbl_reviews` (
  `id` int NOT NULL AUTO_INCREMENT,
  `product_id` int NOT NULL,
  `customer_id` int DEFAULT NULL,
  `customer_name` varchar(100) CHARACTER SET utf8 COLLATE utf8_general_ci NOT NULL,
  `customer_address` varchar(255) CHARACTER SET utf8 COLLATE utf8_general_ci DEFAULT NULL,
  `customer_phone` varchar(20) NOT NULL,
  `customer_email` varchar(255) NOT NULL,
  `content` varchar(1000) CHARACTER SET utf8 COLLATE utf8_general_ci NOT NULL,
  `status` tinyint(1) DEFAULT '1',
  `updated_by` int DEFAULT NULL,
  `created_by` int DEFAULT NULL,
  `updated_date` date DEFAULT NULL,
  `created_date` date DEFAULT NULL,
  `number_star` int NOT NULL,
  `is_hide` tinyint(1) DEFAULT '0',
  PRIMARY KEY (`id`),
  KEY `FK_reviews_products_idx` (`product_id`),
  CONSTRAINT `FK_reviews_products` FOREIGN KEY (`product_id`) REFERENCES `tbl_products` (`id`)
) ENGINE=InnoDB AUTO_INCREMENT=16 DEFAULT CHARSET=utf8mb4 COLLATE=utf8mb4_0900_ai_ci;
/*!40101 SET character_set_client = @saved_cs_client */;

--
-- Dumping data for table `tbl_reviews`
--

LOCK TABLES `tbl_reviews` WRITE;
/*!40000 ALTER TABLE `tbl_reviews` DISABLE KEYS */;
INSERT INTO `tbl_reviews` VALUES (1,111,9,'Quan','HN','0123456789','abc@gmail.com','Sản phẩm hữu ích',1,NULL,9,NULL,'2021-12-01',5,0),(2,111,7,'Nguyễn Thị Hiền','Hà Nội','0354895623','hien@gmail.com','Sản phẩm phù hơp với giá',1,1,7,NULL,'2021-12-01',4,0),(3,111,7,'Nguyễn Thị Hiền','Hà Nội','0354895623','hien@gmail.com','Sản phẩm tệ',1,NULL,7,NULL,'2021-12-01',2,0),(5,114,7,'Nguyễn Thị Hiền',NULL,'0354895623','hien@gmail.com','Tốt',1,1,NULL,'2021-12-04','2021-12-04',5,0),(6,114,7,'Nguyễn Thị Hiền',NULL,'0354895623','hien@gmail.com','Tốt',1,1,NULL,'2021-12-04','2021-12-04',5,0),(7,114,7,'Nguyễn Thị Hiền',NULL,'0354895623','hien@gmail.com','Tốt',1,1,NULL,'2021-12-04','2021-12-04',0,0),(8,110,9,'Quan','HN','0123456789','abc@gmail.com','sản phẩm tốt',1,1,9,'2021-12-04','2021-12-04',3,0),(9,110,9,'Quan','HN','0123456789','abc@gmail.com','Sản phẩm ổn',1,1,9,'2021-12-04','2021-12-04',5,0),(10,102,7,'Nguyễn Thị Hiền',NULL,'0385853552','hoanghuy24825@gmail.com','Sản phẩm thơm ',1,1,NULL,'2021-12-04','2021-12-04',5,0),(11,107,7,'Nguyễn Thị Hiền',NULL,'03845628944','huyenht@gmail.com','Tốt',1,1,NULL,'2021-12-04','2021-12-04',5,0),(12,107,NULL,'Nguyễn Thị Hiền',NULL,'03845628944','huyenht@gmail.com','Thơm',1,1,NULL,'2021-12-04','2021-12-04',4,0),(13,117,NULL,'Nguyễn Nhật Hoàng',NULL,'03845689522','hoangnn@gmail.com','Sản phẩm tốt',NULL,1,NULL,'2021-12-11','2021-12-04',4,1),(15,117,NULL,'Nguyễn Nhật Hoàng',NULL,'03845689522','hoangnn@gmail.com','Sản phẩm tốt',1,1,NULL,'2021-12-11','2021-12-11',4,0);
/*!40000 ALTER TABLE `tbl_reviews` ENABLE KEYS */;
UNLOCK TABLES;

--
-- Table structure for table `tbl_roles`
--

DROP TABLE IF EXISTS `tbl_roles`;
/*!40101 SET @saved_cs_client     = @@character_set_client */;
/*!50503 SET character_set_client = utf8mb4 */;
CREATE TABLE `tbl_roles` (
  `id` int NOT NULL AUTO_INCREMENT,
  `name` varchar(45) CHARACTER SET utf8mb4 COLLATE utf8mb4_bin NOT NULL,
  `code` varchar(255) CHARACTER SET utf8 COLLATE utf8_general_ci NOT NULL,
  `description` varchar(45) CHARACTER SET utf8mb4 COLLATE utf8mb4_bin NOT NULL,
  `created_date` datetime DEFAULT CURRENT_TIMESTAMP,
  `updated_date` datetime DEFAULT NULL,
  `created_by` int DEFAULT NULL,
  `updated_by` int DEFAULT NULL,
  `status` tinyint(1) DEFAULT '1',
  PRIMARY KEY (`id`)
) ENGINE=InnoDB AUTO_INCREMENT=21 DEFAULT CHARSET=utf8mb4 COLLATE=utf8mb4_bin COMMENT='Bảng dữ liệu chứa thông tin roles';
/*!40101 SET character_set_client = @saved_cs_client */;

--
-- Dumping data for table `tbl_roles`
--

LOCK TABLES `tbl_roles` WRITE;
/*!40000 ALTER TABLE `tbl_roles` DISABLE KEYS */;
INSERT INTO `tbl_roles` VALUES (1,'GUEST','G','guest','2021-10-22 00:07:08',NULL,1,NULL,1),(2,'Quản lý danh mục','MC','ManageCategory','2021-09-02 21:43:48',NULL,1,NULL,1),(3,'Quản lý sản phẩm','MP','ManageProduct','2021-09-02 22:01:59',NULL,1,NULL,1),(4,'Quản lý danh mục blog','MCB','ManageCategoryBlog','2021-09-02 22:01:59',NULL,1,NULL,1),(5,'Quản lý blog','MB','ManageBlog','2021-09-02 22:01:59',NULL,1,NULL,1),(6,'Quản lý đơn hàng','MO','ManageOrder','2021-09-02 22:01:59',NULL,1,NULL,1),(7,'Quản lý tài khoản','MA','ManageAccount','2021-09-02 22:01:59',NULL,1,NULL,1),(8,'Quản lý giới thiệu','MI','ManageIntroduce','2021-09-14 00:00:00',NULL,1,NULL,1),(9,'Quản lý liên hệ','MC','ManageContact','2021-09-14 00:00:00',NULL,1,NULL,1),(10,'Xem báo cáo','VS','ViewStatistical','2021-12-11 00:00:00',NULL,1,NULL,1);
/*!40000 ALTER TABLE `tbl_roles` ENABLE KEYS */;
UNLOCK TABLES;

--
-- Table structure for table `tbl_users`
--

DROP TABLE IF EXISTS `tbl_users`;
/*!40101 SET @saved_cs_client     = @@character_set_client */;
/*!50503 SET character_set_client = utf8mb4 */;
CREATE TABLE `tbl_users` (
  `id` int NOT NULL AUTO_INCREMENT,
  `username` varchar(45) CHARACTER SET utf8mb4 COLLATE utf8mb4_bin NOT NULL,
  `password` varchar(100) CHARACTER SET utf8mb4 COLLATE utf8mb4_bin NOT NULL,
  `email` varchar(45) CHARACTER SET utf8mb4 COLLATE utf8mb4_bin NOT NULL,
  `created_date` datetime DEFAULT CURRENT_TIMESTAMP,
  `updated_date` datetime DEFAULT NULL,
  `created_by` int DEFAULT NULL,
  `updated_by` int DEFAULT NULL,
  `status` tinyint(1) DEFAULT '1',
  `full_name` varchar(60) CHARACTER SET utf8 COLLATE utf8_general_ci NOT NULL,
  `address` varchar(255) CHARACTER SET utf8 COLLATE utf8_general_ci DEFAULT NULL,
  `phone` varchar(15) NOT NULL,
  `avatar` varchar(255) CHARACTER SET utf8 COLLATE utf8_general_ci DEFAULT NULL,
  PRIMARY KEY (`id`),
  UNIQUE KEY `username_UNIQUE` (`username`)
) ENGINE=InnoDB AUTO_INCREMENT=13 DEFAULT CHARSET=utf32 COMMENT='Bảng dữ liệu chứa thông tin người dùng';
/*!40101 SET character_set_client = @saved_cs_client */;

--
-- Dumping data for table `tbl_users`
--

LOCK TABLES `tbl_users` WRITE;
/*!40000 ALTER TABLE `tbl_users` DISABLE KEYS */;
INSERT INTO `tbl_users` VALUES (1,'admin','$2a$10$3irXivoXo19PJKJZb5tGEe4n3OecWdSNve4FI/QbL1XRV6YeFJGr2','admin123@gmail.com',NULL,'2021-12-11 16:04:16',NULL,1,1,'Hạ Hoàng Huy','Hà Nội','0385853569','user/media.png'),(6,'hoanghuy','$2a$10$rSlWgYXuaN6SOrLr3xg3JebGcWFiB2NPwewnrbQR.RIfo8dzYrS4a','huy@gmail.com','2021-09-12 00:00:00','2021-12-11 16:06:28',1,6,0,'Hoàng Huy','Hà Nội','0358465234','user/avatar2.png'),(7,'nguyenhien','$2a$10$nltdffpF8g/hRGsrMkcorO167Mgg0tNRcRHp5OIsgbI3A.VFteiVS','hien@gmail.com',NULL,'2021-12-11 22:19:57',NULL,7,1,'Nguyễn Thị Hiền','Hà Nội','0354895623','user/Screenshot 2021-12-07 064308.png'),(9,'admin1','$2a$10$Qb7YonKWy4YXxwGxHTpZrOzrTIUFW./tuqaaLp1B9TACNIbCz1MHS','abc@gmail.com',NULL,'2021-12-01 05:47:52',NULL,9,1,'Quan','HN','0123456789','user/moschino-toy-boy-5ml_1e6572cfc59641968f403b8d6c4814bb (1).jpg'),(10,'huyhh','$2a$10$s/J6I1sonGHcVwgl07bYZOaDBGlyV/jrnZD4QoQBAJcc82WAtsHjm','hoanghuy24825@gmail.com','2021-12-10 17:47:16','2021-12-10 17:47:16',NULL,NULL,1,'Hạ Huy','Hà Nội','0385468415',NULL),(11,'TuTT','$2a$10$iYvDmotEQJIqIOQaJ/SGDOZGF7XVAKw7mHA06iiHJ07Pzr8BFuy1u','vuminhquang0598@gmail.com','2021-12-10 17:49:21','2021-12-10 17:49:21',NULL,NULL,1,'Tu','Hà Nội','03846545464',NULL),(12,'NhungNT','$2a$10$QTXIgDpVj8pH2izIAqsTZuZtlv4HKL8bSEIEclBwP/FCsowhWjwUu','NhungNT@gmail.com',NULL,'2021-12-11 15:41:42',NULL,12,1,'Nguyễn Thị Nhung','Hà Nội','0385467895','user/nhungnt.png');
/*!40000 ALTER TABLE `tbl_users` ENABLE KEYS */;
UNLOCK TABLES;

--
-- Table structure for table `tbl_users_roles`
--

DROP TABLE IF EXISTS `tbl_users_roles`;
/*!40101 SET @saved_cs_client     = @@character_set_client */;
/*!50503 SET character_set_client = utf8mb4 */;
CREATE TABLE `tbl_users_roles` (
  `id` int NOT NULL AUTO_INCREMENT,
  `role_id` int NOT NULL,
  `user_id` int NOT NULL,
  `role_name` varchar(255) CHARACTER SET utf8 COLLATE utf8_general_ci DEFAULT NULL,
  `delete_role` tinyint(1) NOT NULL DEFAULT '0',
  `insert_role` tinyint(1) NOT NULL DEFAULT '0',
  `update_role` tinyint(1) NOT NULL DEFAULT '0',
  `view_role` tinyint(1) NOT NULL DEFAULT '0',
  `status` tinyint(1) NOT NULL DEFAULT '1',
  `updated_by` int DEFAULT NULL,
  `created_by` int DEFAULT NULL,
  `updated_date` date DEFAULT NULL,
  `created_date` date DEFAULT NULL,
  PRIMARY KEY (`id`,`role_id`,`user_id`),
  KEY `FK_user_role_idx` (`role_id`),
  KEY `FK_role_user_idx` (`user_id`),
  CONSTRAINT `FK_role_user` FOREIGN KEY (`user_id`) REFERENCES `tbl_users` (`id`),
  CONSTRAINT `FK_user_role` FOREIGN KEY (`role_id`) REFERENCES `tbl_roles` (`id`)
) ENGINE=InnoDB AUTO_INCREMENT=50 DEFAULT CHARSET=utf8mb4 COLLATE=utf8mb4_0900_ai_ci;
/*!40101 SET character_set_client = @saved_cs_client */;

--
-- Dumping data for table `tbl_users_roles`
--

LOCK TABLES `tbl_users_roles` WRITE;
/*!40000 ALTER TABLE `tbl_users_roles` DISABLE KEYS */;
INSERT INTO `tbl_users_roles` VALUES (2,2,1,'ADMIN_S',1,1,1,1,1,NULL,NULL,NULL,'2021-09-12'),(3,3,1,'ADMIN_S',1,1,1,1,1,NULL,NULL,NULL,'2021-09-12'),(4,4,1,'ADMIN_S',1,1,1,1,1,NULL,NULL,NULL,'2021-09-12'),(5,5,1,'ADMIN_S',1,1,1,1,1,NULL,NULL,NULL,'2021-09-12'),(6,6,1,'ADMIN_S',1,1,1,1,1,NULL,NULL,NULL,'2021-09-12'),(7,7,1,'ADMIN_S',1,1,1,1,1,NULL,NULL,NULL,'2021-09-12'),(8,8,1,'ADMIN_S',1,1,1,1,1,NULL,NULL,NULL,'2021-09-12'),(27,9,1,'ADMIN_S',1,1,1,1,1,NULL,NULL,NULL,'2021-09-12'),(28,2,6,'ADMIN_S',1,1,1,1,1,1,NULL,'2021-12-11','2021-09-12'),(29,3,6,'ADMIN_S',1,1,1,1,1,1,NULL,'2021-12-11','2021-09-12'),(30,4,6,'ADMIN_S',1,1,1,1,1,1,NULL,'2021-12-11','2021-09-12'),(31,5,6,'ADMIN_S',1,1,1,1,1,1,NULL,'2021-12-11','2021-09-12'),(32,6,6,'ADMIN_S',1,1,1,1,1,NULL,NULL,NULL,'2021-09-12'),(33,7,6,'ADMIN_S',0,0,0,1,1,1,NULL,'2021-12-27','2021-09-12'),(34,8,6,'ADMIN_S',1,1,1,1,1,NULL,NULL,NULL,'2021-09-12'),(35,9,6,'ADMIN_S',1,1,1,1,1,NULL,NULL,NULL,'2021-09-12'),(36,1,7,'GUEST',0,0,0,0,0,NULL,NULL,NULL,'2021-09-12'),(38,1,9,'GUEST',0,0,0,0,1,NULL,NULL,NULL,'2021-12-01'),(39,1,10,'GUEST',0,0,0,0,1,NULL,NULL,NULL,NULL),(40,1,11,'GUEST',0,0,0,0,1,NULL,NULL,NULL,NULL),(41,10,1,'ADMIN_S',1,1,1,1,1,NULL,NULL,NULL,'2021-12-11'),(42,2,12,'ADMIN_S',0,0,0,1,1,6,NULL,'2021-12-11',NULL),(43,3,12,'ADMIN_S',0,0,0,1,1,NULL,NULL,NULL,NULL),(44,4,12,'ADMIN_S',0,0,0,1,1,NULL,NULL,NULL,NULL),(45,5,12,'ADMIN_S',0,0,0,1,1,NULL,NULL,NULL,NULL),(46,6,12,'ADMIN_S',0,0,0,1,1,NULL,NULL,NULL,NULL),(47,7,12,'ADMIN_S',1,0,1,1,1,1,NULL,'2021-12-11',NULL),(48,8,12,'ADMIN_S',0,0,0,1,1,NULL,NULL,NULL,NULL),(49,9,12,'ADMIN_S',0,0,0,1,1,6,NULL,'2021-12-11',NULL);
/*!40000 ALTER TABLE `tbl_users_roles` ENABLE KEYS */;
UNLOCK TABLES;
/*!40103 SET TIME_ZONE=@OLD_TIME_ZONE */;

/*!40101 SET SQL_MODE=@OLD_SQL_MODE */;
/*!40014 SET FOREIGN_KEY_CHECKS=@OLD_FOREIGN_KEY_CHECKS */;
/*!40014 SET UNIQUE_CHECKS=@OLD_UNIQUE_CHECKS */;
/*!40101 SET CHARACTER_SET_CLIENT=@OLD_CHARACTER_SET_CLIENT */;
/*!40101 SET CHARACTER_SET_RESULTS=@OLD_CHARACTER_SET_RESULTS */;
/*!40101 SET COLLATION_CONNECTION=@OLD_COLLATION_CONNECTION */;
/*!40111 SET SQL_NOTES=@OLD_SQL_NOTES */;

-- Dump completed on 2022-01-01  9:17:18
